1,Dr. Ahmad Sutrisno,Kardiologi,08:00-14:00,1
2,Dr. Siti Nurhaliza,Pediatri,09:00-15:00,1
3,Dr. Budi Santoso,Orthopedi,07:00-13:00,2
4,Dr. Maya Sari,Dermatologi,10:00-16:00,1
5,Dr. Andi Wijaya,Neurologi,08:30-14:30,3
6,Dr. Fitri Handayani,Ginekologi,09:00-15:00,2
7,Dr. Rudi Hermawan,Urologi,07:30-13:30,1
8,Dr. Linda Kusuma,Oftalmologi,08:00-14:00,4
9,Dr. Hendra Pratama,Psikiatri,10:00-16:00,3
10,Dr. Dewi Lestari,Anestesiologi,06:00-12:00,2
11,Dr. Agus Setiawan,Radiologi,08:00-14:00,1
12,Dr. Rina Marlina,Patologi Anatomi,09:00-15:00,4
13,Dr. Bambang Sutejo,Bedah Umum,07:00-13:00,3
14,Dr. Citra Dewi,Penyakit Dalam,08:30-14:30,2
15,Dr. Dani Kurniawan,Kardiologi,09:00-15:00,1
16,Dr. Eka Putri,Pediatri,10:00-16:00,4
17,Dr. Fajar Nugroho,Orthopedi,07:30-13:30,3
18,Dr. Gita Sari,Dermatologi,08:00-14:00,2
19,Dr. Hadi Purnomo,Neurologi,09:30-15:30,1
20,Dr. Indira Wati,Ginekologi,08:00-14:00,4
21,Dr. Joko Widodo,Urologi,07:00-13:00,3
22,Dr. Kartika Sari,Oftalmologi,09:00-15:00,2
23,Dr. Lukman Hakim,Psikiatri,10:30-16:30,1
24,Dr. Mila Rahayu,Anestesiologi,06:30-12:30,4
25,Dr. Nanda Putra,Radiologi,08:00-14:00,3
26,Dr. Olivia Tan,Patologi Anatomi,09:30-15:30,2
27,Dr. Pandu Wijaya,Bedah Umum,07:00-13:00,1
28,Dr. Qonita Sari,Penyakit Dalam,08:30-14:30,4
29,Dr. Raka Pratama,Kardiologi,09:00-15:00,3
30,Dr. Sari Indah,Pediatri,10:00-16:00,2
31,Dr. Tono Sukirno,Orthopedi,07:30-13:30,1
32,Dr. Usman Ali,Dermatologi,08:00-14:00,4
33,Dr. Vina Amelia,Neurologi,09:30-15:30,3
34,Dr. Wawan Setiadi,Ginekologi,08:00-14:00,2
35,Dr. Xenia Putri,Urologi,07:00-13:00,1
36,Dr. Yudi Pranoto,Oftalmologi,09:00-15:00,4
37,Dr. Zara Muslimah,Psikiatri,10:30-16:30,3
38,Dr. Aldi Rahman,Anestesiologi,06:30-12:30,2
39,Dr. Bella Sari,Radiologi,08:00-14:00,1
40,Dr. Cahyo Budi,Patologi Anatomi,09:30-15:30,4
41,Dr. Diana Fitri,Bedah Umum,07:00-13:00,3
42,Dr. Edi Susanto,Penyakit Dalam,08:30-14:30,2
43,Dr. Fani Lestari,Kardiologi,09:00-15:00,1
44,Dr. Gilang Ramadhan,Pediatri,10:00-16:00,4
45,Dr. Hani Wijaya,Orthopedi,07:30-13:30,3
46,Dr. Imam Santoso,Dermatologi,08:00-14:00,2
47,Dr. Joni Hermawan,Neurologi,09:30-15:30,1
48,Dr. Kiki Amalia,Ginekologi,08:00-14:00,4
49,Dr. Lina Kartika,Urologi,07:00-13:00,3
50,Dr. Maman Suryadi,Oftalmologi,09:00-15:00,2
51,Dr. Novi Handayani,Psikiatri,10:30-16:30,1
52,Dr. Oka Prasetyo,Anestesiologi,06:30-12:30,4
53,Dr. Putri Maharani,Radiologi,08:00-14:00,3
54,Dr. Qomar Zaman,Patologi Anatomi,09:30-15:30,2
55,Dr. Ria Melati,Bedah Umum,07:00-13:00,1
56,Dr. Sigit Purnomo,Penyakit Dalam,08:30-14:30,4
57,Dr. Tari Wulandari,Kardiologi,09:00-15:00,3
58,Dr. Udin Saputra,Pediatri,10:00-16:00,2
59,Dr. Vera Santi,Orthopedi,07:30-13:30,1
60,Dr. Wahyu Utomo,Dermatologi,08:00-14:00,4
61,Dr. Yani Susilawati,Neurologi,09:30-15:30,3
62,Dr. Zainal Abidin,Ginekologi,08:00-14:00,2
63,Dr. Arie Setiawan,Urologi,07:00-13:00,1
64,Dr. Bayu Kusuma,Oftalmologi,09:00-15:00,4
65,Dr. Cici Ratnasari,Psikiatri,10:30-16:30,3
66,Dr. Dedi Gunawan,Anestesiologi,06:30-12:30,2
67,Dr. Erni Safitri,Radiologi,08:00-14:00,1
68,Dr. Farid Hidayat,Patologi Anatomi,09:30-15:30,4
69,Dr. Gina Rosita,Bedah Umum,07:00-13:00,3
70,Dr. Heru Prasetyo,Penyakit Dalam,08:30-14:30,2
71,Dr. Irma Suryani,Kardiologi,09:00-15:00,1
72,Dr. Jihan Maulida,Pediatri,10:00-16:00,4
73,Dr. Krisna Wijaya,Orthopedi,07:30-13:30,3
74,Dr. Laila Sari,Dermatologi,08:00-14:00,2
75,Dr. Mulyadi Rahman,Neurologi,09:30-15:30,1
76,Dr. Nina Astuti,Ginekologi,08:00-14:00,4
77,Dr. Oky Pratama,Urologi,07:00-13:00,3
78,Dr. Puji Lestari,Oftalmologi,09:00-15:00,2
79,Dr. Rahmat Hidayat,Psikiatri,10:30-16:30,1
80,Dr. Sinta Dewi,Anestesiologi,06:30-12:30,4
81,Dr. Teguh Santoso,Radiologi,08:00-14:00,3
82,Dr. Ulfa Rahmawati,Patologi Anatomi,09:30-15:30,2
83,Dr. Vicky Ananda,Bedah Umum,07:00-13:00,1
84,Dr. Windi Pratiwi,Penyakit Dalam,08:30-14:30,4
85,Dr. Yusuf Hakim,Kardiologi,09:00-15:00,3
86,Dr. Zulaikha Fitri,Pediatri,10:00-16:00,2
87,Dr. Akbar Maulana,Orthopedi,07:30-13:30,1
88,Dr. Bunga Citra,Dermatologi,08:00-14:00,4
89,Dr. Chandra Kirana,Neurologi,09:30-15:30,3
90,Dr. Dimas Arya,Ginekologi,08:00-14:00,2
91,Dr. Elsa Permata,Urologi,07:00-13:00,1
92,Dr. Feby Ramadhani,Oftalmologi,09:00-15:00,4
93,Dr. Galih Pamungkas,Psikiatri,10:30-16:30,3
94,Dr. Hilda Maharani,Anestesiologi,06:30-12:30,2
95,Dr. Ivan Setiawan,Radiologi,08:00-14:00,1
96,Dr. Jasmine Putri,Patologi Anatomi,09:30-15:30,4
97,Dr. Kevin Adiputra,Bedah Umum,07:00-13:00,3
98,Dr. Lilis Suryati,Penyakit Dalam,08:30-14:30,2
99,Dr. Manda Sari,Kardiologi,09:00-15:00,1
100,Dr. Niko Pratama,Pediatri,10:00-16:00,4
101,Dr. Ocha Maharani,Orthopedi,07:30-13:30,3
102,Dr. Panji Kusuma,Dermatologi,08:00-14:00,2
103,Dr. Qila Amelia,Neurologi,09:30-15:30,1
104,Dr. Rizky Aditya,Ginekologi,08:00-14:00,4
105,Dr. Silvi Handayani,Urologi,07:00-13:00,3
106,Dr. Taufik Rahman,Oftalmologi,09:00-15:00,2
107,Dr. Ully Ratnasari,Psikiatri,10:30-16:30,1
108,Dr. Vira Maharani,Anestesiologi,06:30-12:30,4
109,Dr. Wira Pratama,Radiologi,08:00-14:00,3
110,Dr. Yenny Susilawati,Patologi Anatomi,09:30-15:30,2
111,Dr. Zidan Maulana,Bedah Umum,07:00-13:00,1
112,Dr. Aida Fitria,Penyakit Dalam,08:30-14:30,4
113,Dr. Bagas Pratama,Kardiologi,09:00-15:00,3
114,Dr. Cinta Dewi,Pediatri,10:00-16:00,2
115,Dr. Danang Wicaksono,Orthopedi,07:30-13:30,1
116,Dr. Emi Susanti,Dermatologi,08:00-14:00,4
117,Dr. Faisal Akbar,Neurologi,09:30-15:30,3
118,Dr. Gerry Handoko,Ginekologi,08:00-14:00,2
119,Dr. Hana Puspita,Urologi,07:00-13:00,1
120,Dr. Irfan Maulana,Oftalmologi,09:00-15:00,4
121,Dr. Jeni Rahayu,Psikiatri,10:30-16:30,3
122,Dr. Kanza Aulia,Anestesiologi,06:30-12:30,2
123,Dr. Luthfi Hakim,Radiologi,08:00-14:00,1
124,Dr. Mira Sartika,Patologi Anatomi,09:30-15:30,4
125,Dr. Naufal Rizky,Bedah Umum,07:00-13:00,3
126,Dr. Orin Maharani,Penyakit Dalam,08:30-14:30,2
127,Dr. Panji Setiawan,Kardiologi,09:00-15:00,1
128,Dr. Qonita Rahmawati,Pediatri,10:00-16:00,4
129,Dr. Ridho Pratama,Orthopedi,07:30-13:30,3
130,Dr. Sari Wulandari,Dermatologi,08:00-14:00,2
131,Dr. Tegar Mahendra,Neurologi,09:30-15:30,1
132,Dr. Umi Kalsum,Ginekologi,08:00-14:00,4
133,Dr. Vano Adiputra,Urologi,07:00-13:00,3
134,Dr. Wulan Dari,Oftalmologi,09:00-15:00,2
135,Dr. Yoga Pratama,Psikiatri,10:30-16:30,1
136,Dr. Zahra Amalia,Anestesiologi,06:30-12:30,4
137,Dr. Arief Wibowo,Radiologi,08:00-14:00,3
138,Dr. Bina Maharani,Patologi Anatomi,09:30-15:30,2
139,Dr. Cahya Pratama,Bedah Umum,07:00-13:00,1
140,Dr. Dinda Sari,Penyakit Dalam,08:30-14:30,4
141,Dr. Eko Budiyanto,Kardiologi,09:00-15:00,3
142,Dr. Fira Handayani,Pediatri,10:00-16:00,2
143,Dr. Gibran Rakabuming,Orthopedi,07:30-13:30,1
144,Dr. Hesti Purnamasari,Dermatologi,08:00-14:00,4
145,Dr. Indra Gunawan,Neurologi,09:30-15:30,3
146,Dr. Juwita Sari,Ginekologi,08:00-14:00,2
147,Dr. Kiko Pratama,Urologi,07:00-13:00,1
148,Dr. Lia Amelia,Oftalmologi,09:00-15:00,4
149,Dr. Mufti Rahman,Psikiatri,10:30-16:30,3
150,Dr. Nabila Putri,Anestesiologi,06:30-12:30,2
151,Dr. Oscar Wijaya,Radiologi,08:00-14:00,1
152,Dr. Putri Amalia,Patologi Anatomi,09:30-15:30,4
153,Dr. Qadri Maulana,Bedah Umum,07:00-13:00,3
154,Dr. Rini Susanti,Penyakit Dalam,08:30-14:30,2
155,Dr. Satria Wibawa,Kardiologi,09:00-15:00,1
156,Dr. Tiara Dewi,Pediatri,10:00-16:00,4
157,Dr. Umar Bakrie,Orthopedi,07:30-13:30,3
158,Dr. Vivi Ratnasari,Dermatologi,08:00-14:00,2
159,Dr. Wahid Hasyim,Neurologi,09:30-15:30,1
160,Dr. Yesi Marlina,Ginekologi,08:00-14:00,4
161,Dr. Zaky Mubarak,Urologi,07:00-13:00,3
162,Dr. Anisa Rahma,Oftalmologi,09:00-15:00,2
163,Dr. Bram Setiawan,Psikiatri,10:30-16:30,1
164,Dr. Cleo Maharani,Anestesiologi,06:30-12:30,4
165,Dr. Doni Pratama,Radiologi,08:00-14:00,3
166,Dr. Euis Susilawati,Patologi Anatomi,09:30-15:30,2
167,Dr. Fandi Akbar,Bedah Umum,07:00-13:00,1
168,Dr. Gita Permata,Penyakit Dalam,08:30-14:30,4
169,Dr. Hafiz Maulana,Kardiologi,09:00-15:00,3
170,Dr. Ima Rahayu,Pediatri,10:00-16:00,2
171,Dr. Jefri Nichol,Orthopedi,07:30-13:30,1
172,Dr. Karina Sari,Dermatologi,08:00-14:00,4
173,Dr. Luhur Pancasakti,Neurologi,09:30-15:30,3
174,Dr. Mega Wati,Ginekologi,08:00-14:00,2
175,Dr. Nando Pratama,Urologi,07:00-13:00,1
176,Dr. Okta Viara,Oftalmologi,09:00-15:00,4
177,Dr. Pradana Wijaya,Psikiatri,10:30-16:30,3
178,Dr. Queen Maharani,Anestesiologi,06:30-12:30,2
179,Dr. Reza Pratama,Radiologi,08:00-14:00,1
180,Dr. Sela Safitri,Patologi Anatomi,09:30-15:30,4
181,Dr. Tama Adiluhung,Bedah Umum,07:00-13:00,3
182,Dr. Ussy Sulistiawaty,Penyakit Dalam,08:30-14:30,2
183,Dr. Vita Anggraini,Kardiologi,09:00-15:00,1
184,Dr. Willy Dozan,Pediatri,10:00-16:00,4
185,Dr. Yola Margaretha,Orthopedi,07:30-13:30,3
186,Dr. Zico Alamsyah,Dermatologi,08:00-14:00,2
187,Dr. Alya Nursani,Neurologi,09:30-15:30,1
188,Dr. Baim Wong,Ginekologi,08:00-14:00,4
189,Dr. Cakra Kirana,Urologi,07:00-13:00,3
190,Dr. Dhani Ahmad,Oftalmologi,09:00-15:00,2
191,Dr. Echa Soemantri,Psikiatri,10:30-16:30,1
192,Dr. Farel Prayoga,Anestesiologi,06:30-12:30,4
193,Dr. Giselle Anastasia,Radiologi,08:00-14:00,3
194,Dr. Hamish Daud,Patologi Anatomi,09:30-15:30,2
195,Dr. Ike Nurjanah,Bedah Umum,07:00-13:00,1
196,Dr. Joko Anwar,Penyakit Dalam,08:30-14:30,4
197,Dr. Kemal Palevi,Kardiologi,09:00-15:00,3
198,Dr. Luna Maya,Pediatri,10:00-16:00,2
199,Dr. Mario Teguh,Orthopedi,07:30-13:30,1
200,Dr. Najwa Shihab,Dermatologi,08:00-14:00,4
201,Dr. Oki Setiana,Neurologi,09:30-15:30,3
202,Dr. Prilly Latuconsina,Ginekologi,08:00-14:00,2
203,Dr. Qory Sandioriva,Urologi,07:00-13:00,1
204,Dr. Raisa Andriana,Oftalmologi,09:00-15:00,4
205,Dr. Shandy Aulia,Psikiatri,10:30-16:30,3
206,Dr. Tarra Budiman,Anestesiologi,06:30-12:30,2
207,Dr. Uya Kuya,Radiologi,08:00-14:00,1
208,Dr. Venna Melinda,Patologi Anatomi,09:30-15:30,4
209,Dr. Wendy Cagur,Bedah Umum,07:00-13:00,3
210,Dr. Young Lex,Penyakit Dalam,08:30-14:30,2
211,Dr. Zaskia Gotik,Kardiologi,09:00-15:00,1
212,Dr. Aura Kasih,Pediatri,10:00-16:00,4
213,Dr. Beniqno Aquino,Orthopedi,07:30-13:30,3
214,Dr. Cut Syifa,Dermatologi,08:00-14:00,2
215,Dr. Danila Riyadi,Neurologi,09:30-15:30,1
216,Dr. Enzy Storia,Ginekologi,08:00-14:00,4
217,Dr. Febby Rastanty,Urologi,07:00-13:00,3
218,Dr. Ghea Indrawari,Oftalmologi,09:00-15:00,2
219,Dr. Hana Hanifah,Psikiatri,10:30-16:30,1
220,Dr. Ivan Gunawan,Anestesiologi,06:30-12:30,4
221,Dr. Jessica Iskandar,Radiologi,08:00-14:00,3
222,Dr. Kekeyi Putri,Patologi Anatomi,09:30-15:30,2
223,Dr. Lucinta Luna,Bedah Umum,07:00-13:00,1
224,Dr. Melaney Ricardo,Penyakit Dalam,08:30-14:30,4
225,Dr. Nikita Mirzani,Kardiologi,09:00-15:00,3
226,Dr. Olla Ramlan,Pediatri,10:00-16:00,2
227,Dr. Pevita Pearce,Orthopedi,07:30-13:30,1
228,Dr. Quinsha Tsania,Dermatologi,08:00-14:00,4
229,Dr. Rahma Azhari,Neurologi,09:30-15:30,3
230,Dr. Syahrini Reino,Ginekologi,08:00-14:00,2
231,Dr. Tania Nadira,Urologi,07:00-13:00,1
232,Dr. Uut Permatasari,Oftalmologi,09:00-15:00,4
233,Dr. Via Vallen,Psikiatri,10:30-16:30,3
234,Dr. Wika Salim,Anestesiologi,06:30-12:30,2
235,Dr. Yuni Shara,Radiologi,08:00-14:00,1
236,Dr. Zara Leola,Patologi Anatomi,09:30-15:30,4
237,Dr. Arsy Widianto,Bedah Umum,07:00-13:00,3
238,Dr. Brisia Jodie,Penyakit Dalam,08:30-14:30,2
239,Dr. Citra Kirana,Kardiologi,09:00-15:00,1
240,Dr. Denny Cagur,Pediatri,10:00-16:00,4
241,Dr. Enda Ungu,Orthopedi,07:30-13:30,3
242,Dr. Fitrop Hadi,Dermatologi,08:00-14:00,2
243,Dr. Gading Marten,Neurologi,09:30-15:30,1
244,Dr. Hesti Purwadinata,Ginekologi,08:00-14:00,4
245,Dr. Inul Daratista,Urologi,07:00-13:00,3
246,Dr. Julia Perez,Oftalmologi,09:00-15:00,2
247,Dr. Kiwil Komeng,Psikiatri,10:30-16:30,1
248,Dr. Lesti Kejora,Anestesiologi,06:30-12:30,4
249,Dr. Mpok Alpa,Radiologi,08:00-14:00,3
250,Dr. Nita Thalia,Patologi Anatomi,09:30-15:30,2
251,Dr. Olga Syahputra,Bedah Umum,07:00-13:00,1
252,Dr. Parto Patrio,Penyakit Dalam,08:30-14:30,4
253,Dr. Ruben Onsu,Kardiologi,09:00-15:00,3
254,Dr. Sule Sutisna,Pediatri,10:00-16:00,2
255,Dr. Tamara Bleszynski,Orthopedi,07:30-13:30,1
256,Dr. Umar Lubis,Dermatologi,08:00-14:00,4
257,Dr. Vicky Prasetyo,Neurologi,09:30-15:30,3
258,Dr. Wulan Guritno,Ginekologi,08:00-14:00,2
259,Dr. Yuki Kato,Urologi,07:00-13:00,1
260,Dr. Zumi Zola,Oftalmologi,09:00-15:00,4
261,Dr. Andre Taulany,Psikiatri,10:30-16:30,3
262,Dr. Betrand Peto,Anestesiologi,06:30-12:30,2
263,Dr. Celine Evangelista,Radiologi,08:00-14:00,1
264,Dr. Desta Mahendra,Patologi Anatomi,09:30-15:30,4
265,Dr. Ernest Prakasa,Bedah Umum,07:00-13:00,3
266,Dr. Fachri Albar,Penyakit Dalam,08:30-14:30,2
267,Dr. Gilang Dirga,Kardiologi,09:00-15:00,1
268,Dr. Haruka Nakagawa,Pediatri,10:00-16:00,4
269,Dr. Indro Warkop,Orthopedi,07:30-13:30,3
270,Dr. Jihan Audy,Dermatologi,08:00-14:00,2
271,Dr. Katon Bagaskara,Neurologi,09:30-15:30,1
272,Dr. Lyodra Ginting,Ginekologi,08:00-14:00,4
273,Dr. Mawar Eva,Urologi,07:00-13:00,3
274,Dr. Nirina Zubir,Oftalmologi,09:00-15:00,2
275,Dr. Oki Agustina,Psikiatri,10:30-16:30,1
276,Dr. Pasha Ungu,Anestesiologi,06:30-12:30,4
277,Dr. Raffi Ahmad,Radiologi,08:00-14:00,3
278,Dr. Soimah Pancawati,Patologi Anatomi,09:30-15:30,2
279,Dr. Tukul Arwana,Bedah Umum,07:00-13:00,1
280,Dr. Ustaz Solmed,Penyakit Dalam,08:30-14:30,4
281,Dr. Vega Darwanti,Kardiologi,09:00-15:00,3
282,Dr. Wendi Cagur,Pediatri,10:00-16:00,2
283,Dr. Yama Carlos,Orthopedi,07:30-13:30,1
284,Dr. Zaskia Adya,Dermatologi,08:00-14:00,4
285,Dr. Abidzar Ghifari,Neurologi,09:30-15:30,3
286,Dr. Bunda Corla,Ginekologi,08:00-14:00,2
287,Dr. Ciara Brosnan,Urologi,07:00-13:00,1
288,Dr. Deddy Mizwar,Oftalmologi,09:00-15:00,4
289,Dr. El Rumi,Psikiatri,10:30-16:30,3
290,Dr. Fairuz Rafiq,Anestesiologi,06:30-12:30,2
291,Dr. Gunawan Dwi,Radiologi,08:00-14:00,1
292,Dr. Hotman Paris,Patologi Anatomi,09:30-15:30,4
293,Dr. Irfan Hakim,Bedah Umum,07:00-13:00,3
294,Dr. Jenita Janet,Penyakit Dalam,08:30-14:30,2
295,Dr. Krisdayanti Yanti,Kardiologi,09:00-15:00,1
296,Dr. Liza Natalia,Pediatri,10:00-16:00,4
297,Dr. Marshanda Aulia,Orthopedi,07:30-13:30,3
298,Dr. Nabila Syakieb,Dermatologi,08:00-14:00,2
299,Dr. Oki Lukman,Neurologi,09:30-15:30,1
300,Dr. Sarah Wijaya,Kardiologi,08:00-14:00,2
301,Dr. Ahmad Santoso,Orthopedi,10:00-16:00,3
302,Dr. Maya Sari,Dermatologi,07:30-13:30,4
303,Dr. Budi Pratama,Gastroenterologi,09:00-15:00,5
304,Dr. Linda Chen,Oftalmologi,08:30-14:30,6
305,Dr. Rizki Hakim,Urologi,10:00-16:00,7
306,Dr. Siti Nurhaliza,Obstetri & Ginekologi,07:00-13:00,8
307,Dr. Fajar Ramadhan,Pulmonologi,09:30-15:30,9
308,Dr. Dewi Kusuma,Endokrinologi,08:00-14:00,10
309,Dr. Andi Setiawan,Psikiatri,10:30-16:30,11
310,Dr. Rini Astuti,Reumatologi,07:30-13:30,12
311,Dr. Hendra Wijaya,Anestesiologi,08:00-14:00,13
312,Dr. Kartika Sari,Radiologi,09:00-15:00,14
313,Dr. Bambang Sutrisno,Patologi,10:00-16:00,15
314,Dr. Nurul Hidayah,Pediatri,07:30-13:30,16
315,Dr. Agus Firmansyah,Bedah Umum,08:30-14:30,17
316,Dr. Fitri Maharani,Neurologi,09:00-15:00,18
317,Dr. Doni Kurniawan,Kardiologi,10:00-16:00,19
318,Dr. Lestari Wulandari,Orthopedi,07:00-13:00,20
319,Dr. Irfan Hamdani,Dermatologi,08:00-14:00,21
320,Dr. Vina Melinda,Gastroenterologi,09:30-15:30,22
321,Dr. Taufik Hidayat,Oftalmologi,10:30-16:30,23
322,Dr. Ratna Sari,Urologi,07:30-13:30,24
323,Dr. Yudi Prasetyo,Obstetri & Ginekologi,08:00-14:00,25
324,Dr. Lia Amelia,Pulmonologi,09:00-15:00,26
325,Dr. Wahyu Santoso,Endokrinologi,10:00-16:00,27
326,Dr. Mega Putri,Psikiatri,07:00-13:00,28
327,Dr. Ridwan Kamil,Reumatologi,08:30-14:30,29
328,Dr. Indah Permata,Anestesiologi,09:30-15:30,30
329,Dr. Arief Budiman,Radiologi,10:00-16:00,31
330,Dr. Diana Sari,Patologi,07:30-13:30,32
331,Dr. Joko Susilo,Pediatri,08:00-14:00,33
332,Dr. Ratih Kusumawati,Bedah Umum,09:00-15:00,34
333,Dr. Bayu Adi,Neurologi,10:30-16:30,35
334,Dr. Sari Dewi,Kardiologi,07:00-13:00,36
335,Dr. Eko Prasetyo,Orthopedi,08:00-14:00,37
336,Dr. Nina Marlina,Dermatologi,09:30-15:30,38
337,Dr. Agung Nugroho,Gastroenterologi,10:00-16:00,39
338,Dr. Putri Andini,Oftalmologi,07:30-13:30,40
339,Dr. Hanif Rahman,Urologi,08:30-14:30,41
340,Dr. Citra Dewi,Obstetri & Ginekologi,09:00-15:00,42
341,Dr. Gilang Ramadhan,Pulmonologi,10:00-16:00,43
342,Dr. Anisa Fitri,Endokrinologi,07:00-13:00,44
343,Dr. Reza Fahlevi,Psikiatri,08:00-14:00,45
344,Dr. Dian Sastro,Reumatologi,09:30-15:30,46
345,Dr. Ferry Salim,Anestesiologi,10:30-16:30,47
346,Dr. Wulan Sari,Radiologi,07:30-13:30,48
347,Dr. Krisna Murti,Patologi,08:00-14:00,49
348,Dr. Laila Majid,Pediatri,09:00-15:00,50
349,Dr. Surya Pratama,Bedah Umum,10:00-16:00,51
350,Dr. Melati Putri,Neurologi,07:00-13:00,52
351,Dr. Teguh Santoso,Kardiologi,08:30-14:30,53
352,Dr. Rina Marlina,Orthopedi,09:30-15:30,54
353,Dr. Chandra Wijaya,Dermatologi,10:00-16:00,55
354,Dr. Sinta Dewi,Gastroenterologi,07:30-13:30,56
355,Dr. Riko Saputra,Oftalmologi,08:00-14:00,57
356,Dr. Tiara Sari,Urologi,09:00-15:00,58
357,Dr. Galih Pratama,Obstetri & Ginekologi,10:30-16:30,59
358,Dr. Nana Mirdad,Pulmonologi,07:00-13:00,60
359,Dr. Kevin Aprilio,Endokrinologi,08:00-14:00,61
360,Dr. Luna Maya,Psikiatri,09:30-15:30,62
361,Dr. Rafi Ahmad,Reumatologi,10:00-16:00,63
362,Dr. Syahrini,Anestesiologi,07:30-13:30,64
363,Dr. Raditya Dika,Radiologi,08:30-14:30,65
364,Dr. Prilly Latuconsina,Patologi,09:00-15:00,66
365,Dr. Aliando Syarief,Pediatri,10:00-16:00,67
366,Dr. Amanda Manopo,Bedah Umum,07:00-13:00,68
367,Dr. Stefan William,Neurologi,08:00-14:00,69
368,Dr. Natasha Wilona,Kardiologi,09:30-15:30,70
369,Dr. Iqbaal Ramadhan,Orthopedi,10:30-16:30,71
370,Dr. Vanesha Prescilla,Dermatologi,07:30-13:30,72
371,Dr. Harris Vriza,Gastroenterologi,08:00-14:00,73
372,Dr. Tissa Biani,Oftalmologi,09:00-15:00,74
373,Dr. Rizky Nazar,Urologi,10:00-16:00,75
374,Dr. Zara Adhisty,Obstetri & Ginekologi,07:00-13:00,76
375,Dr. Angga Yunanda,Pulmonologi,08:30-14:30,77
376,Dr. Syifa Hadju,Endokrinologi,09:30-15:30,78
377,Dr. Jerome Polin,Psikiatri,10:00-16:00,79
378,Dr. Rachel Vennya,Reumatologi,07:30-13:30,80
379,Dr. Boy William,Anestesiologi,08:00-14:00,81
380,Dr. Tasya Kamila,Radiologi,09:00-15:00,82
381,Dr. Rizki Febian,Patologi,10:30-16:30,83
382,Dr. Ghea Indrawari,Pediatri,07:00-13:00,84
383,Dr. Ranty Maria,Bedah Umum,08:00-14:00,85
384,Dr. Verrell Bramasta,Neurologi,09:30-15:30,86
385,Dr. Febby Rastanty,Kardiologi,10:00-16:00,87
386,Dr. Devano Danendra,Orthopedi,07:30-13:30,88
387,Dr. Kayla Ramadhani,Dermatologi,08:30-14:30,89
388,Dr. Jefri Nichol,Gastroenterologi,09:00-15:00,90
389,Dr. Aurel Hermansyah,Oftalmologi,10:00-16:00,91
390,Dr. Azof Utama,Urologi,07:00-13:00,92
391,Dr. Keisya Levronka,Obstetri & Ginekologi,08:00-14:00,93
392,Dr. Calvin Jeremy,Pulmonologi,09:30-15:30,94
393,Dr. Febby Rastanty,Endokrinologi,10:30-16:30,95
394,Dr. Teuku Ryan,Psikiatri,07:30-13:30,96
395,Dr. Cut Syifa,Reumatologi,08:00-14:00,97
396,Dr. Jirayut,Anestesiologi,09:00-15:00,98
397,Dr. Lesti Kejora,Radiologi,10:00-16:00,99
398,Dr. Rizky Billar,Patologi,07:00-13:00,100
399,Dr. Aulia Sarah,Pediatri,08:30-14:30,101
400,Dr. Denny Cagur,Bedah Umum,09:30-15:30,102
401,Dr. Indah Kus,Neurologi,10:00-16:00,103
402,Dr. Andre Taulany,Kardiologi,07:30-13:30,104
403,Dr. Parto Patrio,Orthopedi,08:00-14:00,105
404,Dr. Sule Sutisna,Dermatologi,09:00-15:00,106
405,Dr. Nunung Srimulat,Gastroenterologi,10:30-16:30,107
406,Dr. Kang Maman,Oftalmologi,07:00-13:00,108
407,Dr. Wendy Cagur,Urologi,08:00-14:00,109
408,Dr. Mpok Alpa,Obstetri & Ginekologi,09:30-15:30,110
409,Dr. Kang Dadang,Pulmonologi,10:00-16:00,111
410,Dr. Mak Vera,Endokrinologi,07:30-13:30,112
411,Dr. Komeng,Psikiatri,08:30-14:30,113
412,Dr. Betrand Peto,Reumatologi,09:00-15:00,114
413,Dr. Sarwendah,Anestesiologi,10:00-16:00,115
414,Dr. Ruben Onsu,Radiologi,07:00-13:00,116
415,Dr. Thalia Putri,Patologi,08:00-14:00,117
416,Dr. Jordi Onsu,Pediatri,09:30-15:30,118
417,Dr. Ayu Dewi,Bedah Umum,10:30-16:30,119
418,Dr. Irfan Bachdim,Neurologi,07:30-13:30,120
419,Dr. Jennifer Bachdim,Kardiologi,08:00-14:00,121
420,Dr. Kiano Tiger,Orthopedi,09:00-15:00,122
421,Dr. Paula Verhoeven,Dermatologi,10:00-16:00,123
422,Dr. Baim Wong,Gastroenterologi,07:00-13:00,124
423,Dr. Citra Kirana,Oftalmologi,08:30-14:30,125
424,Dr. Rezky Aditya,Urologi,09:30-15:30,126
425,Dr. Wulan Guritno,Obstetri & Ginekologi,10:00-16:00,127
426,Dr. Adilla Dimitri,Pulmonologi,07:30-13:30,128
427,Dr. Pasha Ungu,Endokrinologi,08:00-14:00,129
428,Dr. Okie Agustina,Psikiatri,09:00-15:00,130
429,Dr. Gunawan LIDA,Reumatologi,10:30-16:30,131
430,Dr. Dewi Perssik,Anestesiologi,07:00-13:00,132
431,Dr. Julia Perez,Radiologi,08:00-14:00,133
432,Dr. Olga Syahputra,Patologi,09:30-15:30,134
433,Dr. Billy Syahputra,Pediatri,10:00-16:00,135
434,Dr. Amanda Caesa,Bedah Umum,07:30-13:30,136
435,Dr. Tukul Arwana,Neurologi,08:30-14:30,137
436,Dr. Azis Gagap,Kardiologi,09:00-15:00,138
437,Dr. Soimah,Orthopedi,10:00-16:00,139
438,Dr. Nassar,Dermatologi,07:00-13:00,140
439,Dr. Zaskia Gotik,Gastroenterologi,08:00-14:00,141
440,Dr. Iis Dahlia,Oftalmologi,09:30-15:30,142
441,Dr. Ridho DA,Urologi,10:30-16:30,143
442,Dr. Ikke Nurjanah,Obstetri & Ginekologi,07:30-13:30,144
443,Dr. Dewi Gita,Pulmonologi,08:00-14:00,145
444,Dr. Danang DA,Endokrinologi,09:00-15:00,146
445,Dr. Weni DA,Psikiatri,10:00-16:00,147
446,Dr. Fildan DA,Reumatologi,07:00-13:00,148
447,Dr. Putri DA,Anestesiologi,08:30-14:30,149
448,Dr. Hari LIDA,Radiologi,09:30-15:30,150
449,Dr. Rara LIDA,Patologi,10:00-16:00,151
450,Dr. Jinan LIDA,Pediatri,07:30-13:30,152
451,Dr. Selfi LIDA,Bedah Umum,08:00-14:00,153
452,Dr. Reza DAA,Neurologi,09:00-15:00,154
453,Dr. Aulia DAA,Kardiologi,10:30-16:30,155
454,Dr. Putri Isnari,Orthopedi,07:00-13:00,156
455,Dr. Faul LIDA,Dermatologi,08:00-14:00,157
456,Dr. Rio Febrian,Gastroenterologi,09:30-15:30,158
457,Dr. Via Vallen,Oftalmologi,10:00-16:00,159
458,Dr. Nella Kharisma,Urologi,07:30-13:30,160
459,Dr. Tasya Rosmala,Obstetri & Ginekologi,08:30-14:30,161
460,Dr. Happy Asmara,Pulmonologi,09:00-15:00,162
461,Dr. Denny Caknan,Endokrinologi,10:00-16:00,163
462,Dr. Ndarboy Genk,Psikiatri,07:00-13:00,164
463,Dr. Yeni Inka,Reumatologi,08:00-14:00,165
464,Dr. Guyon Waton,Anestesiologi,09:30-15:30,166
465,Dr. Esa Risty,Radiologi,10:30-16:30,167
466,Dr. Difarina Indra,Patologi,07:30-13:30,168
467,Dr. Intan Ratna,Pediatri,08:00-14:00,169
468,Dr. Lala Widi,Bedah Umum,09:00-15:00,170
469,Dr. Kiki Fatmala,Neurologi,10:00-16:00,171
470,Dr. Santi Sari,Kardiologi,07:00-13:00,172
471,Dr. Rini Ekaputri,Orthopedi,08:30-14:30,173
472,Dr. Maya Septha,Dermatologi,09:30-15:30,174
473,Dr. Dewi Rezer,Gastroenterologi,10:00-16:00,175
474,Dr. Lenny Agustin,Oftalmologi,07:30-13:30,176
475,Dr. Wiwik Sagita,Urologi,08:00-14:00,177
476,Dr. Ratna Antika,Obstetri & Ginekologi,09:00-15:00,178
477,Dr. Lilin Herlina,Pulmonologi,10:30-16:30,179
478,Dr. Evie Tamala,Endokrinologi,07:00-13:00,180
479,Dr. Mega Mustika,Psikiatri,08:00-14:00,181
480,Dr. Elvy Sukaesih,Reumatologi,09:30-15:30,182
481,Dr. Ida Laila,Anestesiologi,10:00-16:00,183
482,Dr. Camelia Malik,Radiologi,07:30-13:30,184
483,Dr. Anie Carera,Patologi,08:30-14:30,185
484,Dr. Betharia Sonata,Pediatri,09:00-15:00,186
485,Dr. Nur Halimah,Bedah Umum,10:00-16:00,187
486,Dr. Tetty Kadi,Neurologi,07:00-13:00,188
487,Dr. Yuni Shara,Kardiologi,08:00-14:00,189
488,Dr. Kristina,Orthopedi,09:30-15:30,190
489,Dr. Ita Purnamasari,Dermatologi,10:30-16:30,191
490,Dr. Cici Paramida,Gastroenterologi,07:30-13:30,192
491,Dr. Emilia Contessa,Oftalmologi,08:00-14:00,193
492,Dr. Caca Handika,Urologi,09:00-15:00,194
493,Dr. Baby Margaretha,Obstetri & Ginekologi,10:00-16:00,195
494,Dr. Iyeth Bustami,Pulmonologi,07:00-13:00,196
495,Dr. Hetty Koes,Endokrinologi,08:30-14:30,197
496,Dr. Titiek Puspa,Psikiatri,09:30-15:30,198
497,Dr. Anna Mathovani,Reumatologi,10:00-16:00,199
498,Dr. Nining Meida,Anestesiologi,07:30-13:30,200
499,Dr. Liza Natalia,Radiologi,08:00-14:00,201
500,Dr. Nike Ardilla,Patologi,09:00-15:00,202
501,Dr. Vonny Sumlang,Pediatri,10:30-16:30,203
502,Dr. Paramitha Rusady,Bedah Umum,07:00-13:00,204
503,Dr. Maya Rumantir,Neurologi,08:00-14:00,205
504,Dr. Yessy Gusman,Kardiologi,09:30-15:30,206
505,Dr. Soraya,Orthopedi,10:00-16:00,207
506,Dr. Betharia,Dermatologi,07:30-13:30,208
507,Dr. Nafa Urbach,Gastroenterologi,08:30-14:30,209
508,Dr. Dian Nitami,Oftalmologi,09:00-15:00,210
509,Dr. Inneke Koesherawati,Urologi,10:00-16:00,211
510,Dr. Cut Tari,Obstetri & Ginekologi,07:00-13:00,212
511,Dr. Elly Kasim,Pulmonologi,08:00-14:00,213
512,Dr. Chitra Dewi,Endokrinologi,09:30-15:30,214
513,Dr. Sophia Latjuba,Psikiatri,10:30-16:30,215
514,Dr. Rachel Maryam,Reumatologi,07:30-13:30,216
515,Dr. Windy Wulandari,Anestesiologi,08:00-14:00,217
516,Dr. Trie Utami,Radiologi,09:00-15:00,218
517,Dr. Ira Swara,Patologi,10:00-16:00,219
518,Dr. Cornelia Agatha,Pediatri,07:00-13:00,220
519,Dr. Nia Daniaty,Bedah Umum,08:30-14:30,221
520,Dr. Nurul Arifin,Neurologi,09:30-15:30,222
521,Dr. Lydia Kandou,Kardiologi,10:00-16:00,223
522,Dr. Christine Hakim,Orthopedi,07:30-13:30,224
523,Dr. Dian Sastro,Dermatologi,08:00-14:00,225
524,Dr. Titi Kamal,Gastroenterologi,09:00-15:00,226
525,Dr. Ayu Azhari,Oftalmologi,10:30-16:30,227
526,Dr. Tamara Bleszynski,Urologi,07:00-13:00,228
527,Dr. Wulan Guritno,Obstetri & Ginekologi,08:00-14:00,229
528,Dr. Mariana Renata,Pulmonologi,09:30-15:30,230
529,Dr. Sarah Azhari,Endokrinologi,10:00-16:00,231
530,Dr. Lyra Virna,Psikiatri,07:30-13:30,232
531,Dr. Kinaryosih,Reumatologi,08:30-14:30,233
532,Dr. Jihan Fahira,Anestesiologi,09:00-15:00,234
533,Dr. Marshanda,Radiologi,10:00-16:00,235
534,Dr. Chelsea Olivia,Patologi,07:00-13:00,236
535,Dr. Nadine Chandrawinata,Pediatri,08:00-14:00,237
536,Dr. Carissa Putri,Bedah Umum,09:30-15:30,238
537,Dr. Mikha Tambayong,Neurologi,10:30-16:30,239
538,Dr. Velove Vexia,Kardiologi,07:30-13:30,240
539,Dr. Ayushita Nugraha,Orthopedi,08:00-14:00,241
540,Dr. Atiqah Hasiholan,Dermatologi,09:00-15:00,242
541,Dr. Laura Basuki,Gastroenterologi,10:00-16:00,243
542,Dr. Marsha Timothy,Oftalmologi,07:00-13:00,244
543,Dr. Dian Pelangi,Urologi,08:30-14:30,245
544,Dr. Shahnaz Haque,Obstetri & Ginekologi,09:30-15:30,246
545,Dr. Imelda Therinne,Pulmonologi,10:00-16:00,247
546,Dr. Bella Saphira,Endokrinologi,07:30-13:30,248
547,Dr. Maudy Ayunda,Psikiatri,08:00-14:00,249
548,Dr. Bunga Zainal,Reumatologi,09:00-15:00,250
549,Dr. Agni Pratistha,Anestesiologi,10:30-16:30,251
550,Dr. Cinta Laura,Radiologi,07:00-13:00,252
551,Dr. Naysila Mirdad,Patologi,08:00-14:00,253
552,Dr. Shandy Aulia,Pediatri,09:30-15:30,254
553,Dr. Febby Rastanty,Bedah Umum,10:00-16:00,255
554,Dr. Michelle Ziudith,Neurologi,07:30-13:30,256
555,Dr. Natasha Rizky,Kardiologi,08:30-14:30,257
556,Dr. Ersya Aurelia,Orthopedi,09:00-15:00,258
557,Dr. Lea Ciarachel,Dermatologi,10:00-16:00,259
558,Dr. Ria Ricis,Gastroenterologi,07:00-13:00,260
559,Dr. Oki Setiana,Oftalmologi,08:00-14:00,261
560,Dr. Awkarin,Urologi,09:30-15:30,262
561,Dr. Saaih Halilintar,Obstetri & Ginekologi,10:30-16:30,263
562,Dr. Tania Nadira,Pulmonologi,07:30-13:30,264
563,Dr. Reza Oktovian,Endokrinologi,08:00-14:00,265
564,Dr. Fateh Halilintar,Psikiatri,09:00-15:00,266
565,Dr. Qahtan Halilintar,Reumatologi,10:00-16:00,267
566,Dr. Thoriq Halilintar,Anestesiologi,07:00-13:00,268
567,Dr. Muntaz Halilintar,Radiologi,08:30-14:30,269
568,Dr. Abqariyyah Halilintar,Patologi,09:30-15:30,270
569,Dr. Zikri Daulay,Pediatri,10:00-16:00,271
570,Dr. Atta Halilintar,Bedah Umum,07:30-13:30,272
571,Dr. Aurelie Moeremans,Neurologi,08:00-14:00,273
572,Dr. Jess No Limit,Kardiologi,09:00-15:00,274
573,Dr. Gita Savitri,Orthopedi,10:30-16:30,275
574,Dr. Raisa Andriana,Dermatologi,07:00-13:00,276
575,Dr. Isyana Sarasvati,Gastroenterologi,08:00-14:00,277
576,Dr. Tulus,Oftalmologi,09:30-15:30,278
577,Dr. Afgansyah Reza,Urologi,10:00-16:00,279
578,Dr. Rossa Roslaina,Obstetri & Ginekologi,07:30-13:30,280
579,Dr. Judika Sihotang,Pulmonologi,08:30-14:30,281
580,Dr. Marion Jola,Endokrinologi,09:00-15:00,282
581,Dr. Lyodra Ginting,Psikiatri,10:00-16:00,283
582,Dr. Tiara Anugrah,Reumatologi,07:00-13:00,284
583,Dr. Ziva Magnolya,Anestesiologi,08:00-14:00,285
584,Dr. Mark Natama,Radiologi,09:30-15:30,286
585,Dr. Rimar Callista,Patologi,10:30-16:30,287
586,Dr. Nuca,Pediatri,07:30-13:30,288
587,Dr. Anneth Delliecia,Bedah Umum,08:00-14:00,289
588,Dr. Dea Dalila,Neurologi,09:00-15:00,290
589,Dr. Aziel Irvan,Kardiologi,10:00-16:00,291
590,Dr. Kiesha Alvaro,Orthopedi,07:00-13:00,292
591,Dr. Siti Nurhaliza,Neurologi,07:30-13:30,2
592,Dr. Budi Prasetyo,Penyakit Dalam,08:00-15:00,3
593,Dr. Maya Sari,Anak,09:00-16:00,4
594,Dr. Rizki Firmansyah,Bedah Umum,07:00-14:00,5
595,Dr. Indira Putri,Kulit dan Kelamin,08:30-15:30,6
596,Dr. Eko Wijaya,Mata,09:00-16:00,7
597,Dr. Dewi Lestari,THT,08:00-14:00,8
598,Dr. Rahman Hakim,Urologi,07:30-14:30,9
599,Dr. Fitri Handayani,Kandungan,08:00-15:00,10
600,Dr. Agus Setiawan,Paru,07:00-13:00,11
601,Dr. Lina Marlina,Jiwa,09:00-16:00,12
602,Dr. Hendra Kusuma,Anestesi,24:00-06:00,13
603,Dr. Sri Mulyani,Patologi Klinik,08:00-14:00,14
604,Dr. Bambang Sutrisno,Radiologi,07:30-15:30,15
605,Dr. Ratna Sari,Rehabilitasi Medik,08:00-15:00,16
606,Dr. Dedi Kurniawan,Bedah Saraf,07:00-14:00,17
607,Dr. Ani Widiastuti,Gizi Klinik,08:30-15:30,18
608,Dr. Faisal Ahmad,Bedah Plastik,09:00-16:00,19
609,Dr. Nurul Hidayah,Geriatri,08:00-14:00,20
610,Dr. Wahyu Pratama,Orthopedi,07:30-13:30,21
611,Dr. Lia Permata,Kardiologi,08:00-15:00,22
612,Dr. Gunawan Santoso,Neurologi,07:00-14:00,23
613,Dr. Rini Susanti,Penyakit Dalam,08:30-15:30,24
614,Dr. Irfan Maulana,Anak,09:00-16:00,25
615,Dr. Yuni Astuti,Bedah Umum,08:00-14:00,26
616,Dr. Dimas Prasetya,Kulit dan Kelamin,07:30-14:30,27
617,Dr. Mega Wulandari,Mata,08:00-15:00,28
618,Dr. Ridwan Kamil,THT,07:00-13:00,29
619,Dr. Sari Indah,Urologi,08:30-15:30,30
620,Dr. Tony Setiawan,Kandungan,09:00-16:00,31
621,Dr. Eka Putri,Paru,08:00-14:00,32
622,Dr. Bayu Aji,Jiwa,07:30-14:30,33
623,Dr. Wati Ningrum,Anestesi,20:00-02:00,34
624,Dr. Hadi Surya,Patologi Klinik,08:00-15:00,35
625,Dr. Novi Rahmawati,Radiologi,07:00-14:00,36
626,Dr. Arief Budiman,Rehabilitasi Medik,08:30-15:30,37
627,Dr. Sinta Dewi,Bedah Saraf,09:00-16:00,38
628,Dr. Joko Susilo,Gizi Klinik,08:00-14:00,39
629,Dr. Rina Maharani,Bedah Plastik,07:30-14:30,40
630,Dr. Farid Hasan,Geriatri,08:00-15:00,41
631,Dr. Dian Safitri,Orthopedi,07:00-13:00,42
632,Dr. Rudi Hartono,Kardiologi,08:30-15:30,43
633,Dr. Nita Sari,Neurologi,09:00-16:00,44
634,Dr. Andi Wijayanto,Penyakit Dalam,08:00-14:00,45
635,Dr. Laila Fitri,Anak,07:30-14:30,46
636,Dr. Hendro Gunawan,Bedah Umum,08:00-15:00,47
637,Dr. Vina Amelia,Kulit dan Kelamin,07:00-14:00,48
638,Dr. Reza Pratama,Mata,08:30-15:30,49
639,Dr. Dewi Anggraini,THT,09:00-16:00,50
640,Dr. Gilang Ramadhan,Urologi,08:00-14:00,51
641,Dr. Tuti Suryani,Kandungan,07:30-14:30,52
642,Dr. Aris Munandar,Paru,08:00-15:00,53
643,Dr. Putri Ayu,Jiwa,07:00-14:00,54
644,Dr. Yoga Pradana,Anestesi,22:00-04:00,55
645,Dr. Mira Sartika,Patologi Klinik,08:30-15:30,56
646,Dr. Zaki Fuadi,Radiologi,09:00-16:00,57
647,Dr. Ratih Puspita,Rehabilitasi Medik,08:00-14:00,58
648,Dr. Herman Syah,Bedah Saraf,07:30-14:30,59
649,Dr. Lestari Wulan,Gizi Klinik,08:00-15:00,60
650,Dr. Asep Saputra,Bedah Plastik,07:00-14:00,61
651,Dr. Melia Sari,Geriatri,08:30-15:30,62
652,Dr. Doni Pratama,Orthopedi,09:00-16:00,63
653,Dr. Erna Wijayanti,Kardiologi,08:00-14:00,64
654,Dr. Fahmi Rahman,Neurologi,07:30-14:30,65
655,Dr. Shinta Bella,Penyakit Dalam,08:00-15:00,66
656,Dr. Rico Ananda,Anak,07:00-14:00,67
657,Dr. Wulan Dari,Bedah Umum,08:30-15:30,68
658,Dr. Danny Arianto,Kulit dan Kelamin,09:00-16:00,69
659,Dr. Siska Maharani,Mata,08:00-14:00,70
660,Dr. Andre Gunawan,THT,07:30-14:30,71
661,Dr. Intan Permata,Urologi,08:00-15:00,72
662,Dr. Hafiz Akbar,Kandungan,07:00-14:00,73
663,Dr. Elsa Pratiwi,Paru,08:30-15:30,74
664,Dr. Ryan Saputra,Jiwa,09:00-16:00,75
665,Dr. Diana Sari,Anestesi,21:00-03:00,76
666,Dr. Firman Hidayat,Patologi Klinik,08:00-14:00,77
667,Dr. Lia Kusuma,Radiologi,07:30-14:30,78
668,Dr. Beni Setiawan,Rehabilitasi Medik,08:00-15:00,79
669,Dr. Citra Dewi,Bedah Saraf,07:00-14:00,80
670,Dr. Galih Prasetyo,Gizi Klinik,08:30-15:30,81
671,Dr. Yeny Fitriani,Bedah Plastik,09:00-16:00,82
672,Dr. Usman Ali,Geriatri,08:00-14:00,83
673,Dr. Karina Sari,Orthopedi,07:30-14:30,84
674,Dr. Aldy Firmansyah,Kardiologi,08:00-15:00,85
675,Dr. Novi Susanti,Neurologi,07:00-14:00,86
676,Dr. Rangga Pradana,Penyakit Dalam,08:30-15:30,87
677,Dr. Fitriya Nur,Anak,09:00-16:00,88
678,Dr. Bagas Saputra,Bedah Umum,08:00-14:00,89
679,Dr. Sari Wulandari,Kulit dan Kelamin,07:30-14:30,90
680,Dr. Rizky Maulana,Mata,08:00-15:00,91
681,Dr. Anisa Putri,THT,07:00-14:00,92
682,Dr. Tegar Pangestu,Urologi,08:30-15:30,93
683,Dr. Maharani Sari,Kandungan,09:00-16:00,94
684,Dr. Fajar Nugroho,Paru,08:00-14:00,95
685,Dr. Indah Permata,Jiwa,07:30-14:30,96
686,Dr. Dedi Setiawan,Anestesi,23:00-05:00,97
687,Dr. Winda Sari,Patologi Klinik,08:00-15:00,98
688,Dr. Haris Pratama,Radiologi,07:00-14:00,99
689,Dr. Riska Amelia,Rehabilitasi Medik,08:30-15:30,100
690,Dr. Aji Santoso,Bedah Saraf,09:00-16:00,101
691,Dr. Nadia Putri,Gizi Klinik,08:00-14:00,102
692,Dr. Kevin Pratama,Bedah Plastik,07:30-14:30,103
693,Dr. Sinta Maharani,Geriatri,08:00-15:00,104
694,Dr. Rahmat Hidayat,Orthopedi,07:00-13:00,105
695,Dr. Dina Suryani,Kardiologi,08:30-15:30,106
696,Dr. Ilham Akbar,Neurologi,09:00-16:00,107
697,Dr. Retno Wulan,Penyakit Dalam,08:00-14:00,108
698,Dr. Feri Gunawan,Anak,07:30-14:30,109
699,Dr. Yuli Astuti,Bedah Umum,08:00-15:00,110
700,Dr. Dicki Prasetya,Kulit dan Kelamin,07:00-14:00,111
701,Dr. Sari Purnama,Mata,08:30-15:30,112
702,Dr. Irvan Maulana,THT,09:00-16:00,113
703,Dr. Desi Rahmawati,Urologi,08:00-14:00,114
704,Dr. Bobby Setiawan,Kandungan,07:30-14:30,115
705,Dr. Anggun Sari,Paru,08:00-15:00,116
706,Dr. Rachmat Ali,Jiwa,07:00-14:00,117
707,Dr. Tiara Dewi,Anestesi,20:00-02:00,118
708,Dr. Gita Pratama,Patologi Klinik,08:30-15:30,119
709,Dr. Ade Firmansyah,Radiologi,09:00-16:00,120
710,Dr. Lilis Suryani,Rehabilitasi Medik,08:00-14:00,121
711,Dr. Jefri Gunawan,Bedah Saraf,07:30-14:30,122
712,Dr. Widya Sari,Gizi Klinik,08:00-15:00,123
713,Dr. Danu Pradana,Bedah Plastik,07:00-14:00,124
714,Dr. Siska Wulandari,Geriatri,08:30-15:30,125
715,Dr. Roni Setiawan,Orthopedi,09:00-16:00,126
716,Dr. Maya Indah,Kardiologi,08:00-14:00,127
717,Dr. Gilang Saputra,Neurologi,07:30-14:30,128
718,Dr. Dewi Susanti,Penyakit Dalam,08:00-15:00,129
719,Dr. Arman Hidayat,Anak,07:00-14:00,130
720,Dr. Rina Puspita,Bedah Umum,08:30-15:30,131
721,Dr. Dicky Pratama,Kulit dan Kelamin,09:00-16:00,132
722,Dr. Vivi Amelia,Mata,08:00-14:00,133
723,Dr. Andri Gunawan,THT,07:30-14:30,134
724,Dr. Maharani Putri,Urologi,08:00-15:00,135
725,Dr. Rizal Firmansyah,Kandungan,07:00-14:00,136
726,Dr. Nuri Sari,Paru,08:30-15:30,137
727,Dr. Edwin Pratama,Jiwa,09:00-16:00,138
728,Dr. Sari Handayani,Anestesi,22:00-04:00,139
729,Dr. Eko Saputra,Patologi Klinik,08:00-14:00,140
730,Dr. Dian Purnama,Radiologi,07:30-14:30,141
731,Dr. Ahmad Wijaya,Rehabilitasi Medik,08:00-15:00,142
732,Dr. Lia Suryani,Bedah Saraf,07:00-14:00,143
733,Dr. Bayu Setiawan,Gizi Klinik,08:30-15:30,144
734,Dr. Tika Amelia,Bedah Plastik,09:00-16:00,145
735,Dr. Faisal Hidayat,Geriatri,08:00-14:00,146
736,Dr. Rani Kusuma,Orthopedi,07:30-14:30,147
737,Dr. Dedy Pratama,Kardiologi,08:00-15:00,148
738,Dr. Intan Sari,Neurologi,07:00-14:00,149
739,Dr. Hendi Gunawan,Penyakit Dalam,08:30-15:30,150
740,Dr. Sinta Wulandari,Anak,09:00-16:00,151
741,Dr. Ryan Maulana,Bedah Umum,08:00-14:00,152
742,Dr. Devi Rahmawati,Kulit dan Kelamin,07:30-14:30,153
743,Dr. Tony Pradana,Mata,08:00-15:00,154
744,Dr. Wulan Sari,THT,07:00-14:00,155
745,Dr. Irfan Setiawan,Urologi,08:30-15:30,156
746,Dr. Mega Putri,Kandungan,09:00-16:00,157
747,Dr. Adi Firmansyah,Paru,08:00-14:00,158
748,Dr. Rini Handayani,Jiwa,07:30-14:30,159
749,Dr. Dimas Gunawan,Anestesi,21:00-03:00,160
750,Dr. Sari Puspita,Patologi Klinik,08:00-15:00,161
751,Dr. Wahyu Saputra,Radiologi,07:00-14:00,162
752,Dr. Lina Amelia,Rehabilitasi Medik,08:30-15:30,163
753,Dr. Budi Hidayat,Bedah Saraf,09:00-16:00,164
754,Dr. Yuni Wulandari,Gizi Klinik,08:00-14:00,165
755,Dr. Reza Setiawan,Bedah Plastik,07:30-14:30,166
756,Dr. Indira Sari,Geriatri,08:00-15:00,167
757,Dr. Fajar Pradana,Orthopedi,07:00-13:00,168
758,Dr. Dewi Kusuma,Kardiologi,08:30-15:30,169
759,Dr. Galih Maulana,Neurologi,09:00-16:00,170
760,Dr. Ratna Putri,Penyakit Dalam,08:00-14:00,171
761,Dr. Danny Gunawan,Anak,07:30-14:30,172
762,Dr. Vina Suryani,Bedah Umum,08:00-15:00,173
763,Dr. Rico Setiawan,Kulit dan Kelamin,07:00-14:00,174
764,Dr. Elsa Handayani,Mata,08:30-15:30,175
765,Dr. Andre Pratama,THT,09:00-16:00,176
766,Dr. Siska Amelia,Urologi,08:00-14:00,177
767,Dr. Hafiz Hidayat,Kandungan,07:30-14:30,178
768,Dr. Diana Wulandari,Paru,08:00-15:00,179
769,Dr. Firman Saputra,Jiwa,07:00-14:00,180
770,Dr. Lia Puspita,Anestesi,23:00-05:00,181
771,Dr. Beni Gunawan,Patologi Klinik,08:30-15:30,182
772,Dr. Citra Sari,Radiologi,09:00-16:00,183
773,Dr. Galih Setiawan,Rehabilitasi Medik,08:00-14:00,184
774,Dr. Yeny Kusuma,Bedah Saraf,07:30-14:30,185
775,Dr. Usman Pradana,Gizi Klinik,08:00-15:00,186
776,Dr. Karina Putri,Bedah Plastik,07:00-14:00,187
777,Dr. Aldy Maulana,Geriatri,08:30-15:30,188
778,Dr. Novi Handayani,Orthopedi,09:00-16:00,189
779,Dr. Rangga Gunawan,Kardiologi,08:00-14:00,190
780,Dr. Fitriya Amelia,Neurologi,07:30-14:30,191
781,Dr. Bagas Hidayat,Penyakit Dalam,08:00-15:00,192
782,Dr. Sari Suryani,Anak,07:00-14:00,193
783,Dr. Rizky Setiawan,Bedah Umum,08:30-15:30,194
784,Dr. Anisa Wulandari,Kulit dan Kelamin,09:00-16:00,195
785,Dr. Tegar Pradana,Mata,08:00-14:00,196
786,Dr. Maharani Kusuma,THT,07:30-14:30,197
787,Dr. Fajar Gunawan,Urologi,08:00-15:00,198
788,Dr. Indah Sari,Kandungan,07:00-14:00,199
789,Dr. Dedi Maulana,Paru,08:30-15:30,200
790,Dr. Winda Putri,Jiwa,09:00-16:00,201
791,Dr. Haris Setiawan,Anestesi,20:00-02:00,202
792,Dr. Riska Handayani,Patologi Klinik,08:00-14:00,203
793,Dr. Aji Pradana,Radiologi,07:30-14:30,204
794,Dr. Nadia Amelia,Rehabilitasi Medik,08:00-15:00,205
795,Dr. Kevin Hidayat,Bedah Saraf,07:00-14:00,206
796,Dr. Sinta Suryani,Gizi Klinik,08:30-15:30,207
797,Dr. Rahmat Gunawan,Bedah Plastik,09:00-16:00,208
798,Dr. Dina Wulandari,Geriatri,08:00-14:00,209
799,Dr. Ilham Setiawan,Orthopedi,07:30-14:30,210
800,Dr. Retno Kusuma,Kardiologi,08:00-15:00,211
801,Dr. Feri Pradana,Neurologi,07:00-14:00,212
802,Dr. Yuli Putri,Penyakit Dalam,08:30-15:30,213
803,Dr. Dicki Maulana,Anak,09:00-16:00,214
804,Dr. Sari Handayani,Bedah Umum,08:00-14:00,215
805,Dr. Irvan Gunawan,Kulit dan Kelamin,07:30-14:30,216
806,Dr. Desi Amelia,Mata,08:00-15:00,217
807,Dr. Bobby Hidayat,THT,07:00-14:00,218
808,Dr. Anggun Suryani,Urologi,08:30-15:30,219
809,Dr. Rachmat Setiawan,Kandungan,09:00-16:00,220
810,Dr. Tiara Wulandari,Paru,08:00-14:00,221
811,Dr. Gita Kusuma,Jiwa,07:30-14:30,222
812,Dr. Ade Pradana,Anestesi,22:00-04:00,223
813,Dr. Lilis Putri,Patologi Klinik,08:00-15:00,224
814,Dr. Jefri Maulana,Radiologi,07:00-14:00,225
815,Dr. Widya Handayani,Rehabilitasi Medik,08:30-15:30,226
816,Dr. Danu Gunawan,Bedah Saraf,09:00-16:00,227
817,Dr. Siska Amelia,Gizi Klinik,08:00-14:00,228
818,Dr. Roni Hidayat,Bedah Plastik,07:30-14:30,229
819,Dr. Maya Suryani,Geriatri,08:00-15:00,230
820,Dr. Gilang Setiawan,Orthopedi,07:00-13:00,231
821,Dr. Dewi Wulandari,Kardiologi,08:30-15:30,232
822,Dr. Arman Kusuma,Neurologi,09:00-16:00,233
823,Dr. Rina Pradana,Penyakit Dalam,08:00-14:00,234
824,Dr. Dicky Putri,Anak,07:30-14:30,235
825,Dr. Vivi Maulana,Bedah Umum,08:00-15:00,236
826,Dr. Andri Handayani,Kulit dan Kelamin,07:00-14:00,237
827,Dr. Maharani Gunawan,Mata,08:30-15:30,238
828,Dr. Rizal Amelia,THT,09:00-16:00,239
829,Dr. Nuri Hidayat,Urologi,08:00-14:00,240
830,Dr. Edwin Suryani,Kandungan,07:30-14:30,241
831,Dr. Sari Setiawan,Paru,08:00-15:00,242
832,Dr. Eko Wulandari,Jiwa,07:00-14:00,243
833,Dr. Dian Kusuma,Anestesi,21:00-03:00,244
834,Dr. Ahmad Pradana,Patologi Klinik,08:30-15:30,245
835,Dr. Lia Putri,Radiologi,09:00-16:00,246
836,Dr. Bayu Maulana,Rehabilitasi Medik,08:00-14:00,247
837,Dr. Tika Handayani,Bedah Saraf,07:30-14:30,248
838,Dr. Faisal Gunawan,Gizi Klinik,08:00-15:00,249
839,Dr. Rani Amelia,Bedah Plastik,07:00-14:00,250
840,Dr. Dedy Hidayat,Geriatri,08:30-15:30,251
841,Dr. Intan Suryani,Orthopedi,09:00-16:00,252
842,Dr. Hendi Setiawan,Kardiologi,08:00-14:00,253
843,Dr. Sinta Wulandari,Neurologi,07:30-14:30,254
844,Dr. Ryan Kusuma,Penyakit Dalam,08:00-15:00,255
845,Dr. Devi Pradana,Anak,07:00-14:00,256
846,Dr. Tony Putri,Bedah Umum,08:30-15:30,257
847,Dr. Wulan Maulana,Kulit dan Kelamin,09:00-16:00,258
848,Dr. Irfan Handayani,Mata,08:00-14:00,259
849,Dr. Mega Gunawan,THT,07:30-14:30,260
850,Dr. Adi Amelia,Urologi,08:00-15:00,261
851,Dr. Rini Hidayat,Kandungan,07:00-14:00,262
852,Dr. Dimas Suryani,Paru,08:30-15:30,263
853,Dr. Sari Setiawan,Jiwa,09:00-16:00,264
854,Dr. Wahyu Wulandari,Anestesi,23:00-05:00,265
855,Dr. Lina Kusuma,Patologi Klinik,08:00-14:00,266
856,Dr. Budi Pradana,Radiologi,07:30-14:30,267
857,Dr. Yuni Putri,Rehabilitasi Medik,08:00-15:00,268
858,Dr. Reza Maulana,Bedah Saraf,07:00-14:00,269
859,Dr. Indira Handayani,Gizi Klinik,08:30-15:30,270
860,Dr. Fajar Gunawan,Bedah Plastik,09:00-16:00,271
861,Dr. Dewi Amelia,Geriatri,08:00-14:00,272
862,Dr. Galih Hidayat,Orthopedi,07:30-14:30,273
863,Dr. Ratna Suryani,Kardiologi,08:00-15:00,274
864,Dr. Danny Setiawan,Neurologi,07:00-14:00,275
865,Dr. Vina Wulandari,Penyakit Dalam,08:30-15:30,276
866,Dr. Rico Kusuma,Anak,09:00-16:00,277
867,Dr. Elsa Pradana,Bedah Umum,08:00-14:00,278
868,Dr. Andre Putri,Kulit dan Kelamin,07:30-14:30,279
869,Dr. Siska Maulana,Mata,08:00-15:00,280
870,Dr. Hafiz Handayani,THT,07:00-14:00,281
871,Dr. Diana Gunawan,Urologi,08:30-15:30,282
872,Dr. Firman Amelia,Kandungan,09:00-16:00,283
873,Dr. Lia Hidayat,Paru,08:00-14:00,284
874,Dr. Beni Suryani,Jiwa,07:30-14:30,285
875,Dr. Citra Setiawan,Anestesi,20:00-02:00,286
876,Dr. Galih Wulandari,Patologi Klinik,08:00-15:00,287
877,Dr. Yeny Kusuma,Radiologi,07:00-14:00,288
878,Dr. Usman Pradana,Rehabilitasi Medik,08:30-15:30,289
879,Dr. Karina Putri,Bedah Saraf,09:00-16:00,290
880,Dr. Aldy Maulana,Gizi Klinik,08:00-14:00,291
881,Dr. Novi Handayani,Bedah Plastik,07:30-14:30,292
882,Dr. Ahmad Santoso,Kardiologi,08:00-14:00,1
882,Dr. Siti Nurhaliza,Anak,09:00-15:00,2
883,Dr. Budi Hartono,Jantung,07:30-13:30,3
884,Dr. Maya Sari,Kulit,08:30-14:30,4
885,Dr. Andi Wijaya,Mata,10:00-16:00,5
886,Dr. Rina Kusuma,Kandungan,07:00-13:00,6
887,Dr. Hendra Pratama,Saraf,08:00-14:00,7
888,Dr. Lina Maharani,THT,09:30-15:30,8
889,Dr. Dedi Kurniawan,Paru,07:30-13:30,9
890,Dr. Fitri Ramadhani,Gigi,08:00-14:00,10
891,Dr. Rudi Setiawan,Orthopedi,07:00-13:00,11
892,Dr. Indah Permata,Psikiatri,10:00-16:00,12
893,Dr. Bayu Nugroho,Bedah,06:00-12:00,13
894,Dr. Dewi Lestari,Radiologi,08:30-14:30,14
895,Dr. Fajar Ramadhan,Anestesi,07:00-13:00,15
896,Dr. Sari Wulandari,Patologi,09:00-15:00,16
897,Dr. Agus Priyanto,Urologi,08:00-14:00,17
898,Dr. Ratna Dewi,Rehabilitasi,07:30-13:30,18
899,Dr. Yudi Pratama,Onkologi,08:00-14:00,19
900,Dr. Erni Susilowati,Geriatri,09:00-15:00,20
901,Dr. Bambang Sutrisno,Umum,08:00-14:00,21
902,Dr. Nurul Hidayah,Anak,09:30-15:30,22
903,Dr. Wawan Setiawan,Jantung,07:00-13:00,23
904,Dr. Lisa Handayani,Kulit,08:30-14:30,24
905,Dr. Ferry Gunawan,Mata,10:30-16:30,25
906,Dr. Dina Fitriani,Kandungan,07:30-13:30,26
907,Dr. Rico Manullang,Saraf,08:00-14:00,27
908,Dr. Eka Sari,THT,09:00-15:00,28
909,Dr. Joko Widodo,Paru,07:30-13:30,29
910,Dr. Mila Kusuma,Gigi,08:00-14:00,30
911,Dr. Arief Budiman,Orthopedi,07:00-13:00,31
912,Dr. Putri Handayani,Psikiatri,10:00-16:00,32
913,Dr. Gatot Subroto,Bedah,06:30-12:30,33
914,Dr. Sinta Dewi,Radiologi,08:00-14:00,34
915,Dr. Haryanto Wijaya,Anestesi,07:30-13:30,35
916,Dr. Tri Wahyuni,Patologi,09:00-15:00,36
917,Dr. Didik Notodiharjo,Urologi,08:00-14:00,37
918,Dr. Yuni Setianingsih,Rehabilitasi,07:00-13:00,38
919,Dr. Surya Dharma,Onkologi,08:30-14:30,39
920,Dr. Wulan Dari,Geriatri,09:00-15:00,40
921,Dr. Teguh Prasetyo,Umum,08:00-14:00,41
922,Dr. Ani Suryani,Anak,09:00-15:00,42
923,Dr. Hendro Susanto,Jantung,07:30-13:30,43
924,Dr. Lia Permatasari,Kulit,08:30-14:30,44
925,Dr. Irwan Maulana,Mata,10:00-16:00,45
926,Dr. Rini Astuti,Kandungan,07:00-13:00,46
927,Dr. Dodi Setiawan,Saraf,08:00-14:00,47
928,Dr. Tika Sari,THT,09:30-15:30,48
929,Dr. Danu Prabowo,Paru,07:30-13:30,49
930,Dr. Ita Marlina,Gigi,08:00-14:00,50
931,Dr. Rizki Ramadhan,Orthopedi,07:00-13:00,51
932,Dr. Nita Sari,Psikiatri,10:00-16:00,52
933,Dr. Gunawan Prayitno,Bedah,06:00-12:00,53
934,Dr. Ade Kurniawan,Radiologi,08:30-14:30,54
935,Dr. Faisal Rahman,Anestesi,07:00-13:00,55
936,Dr. Retno Wulandari,Patologi,09:00-15:00,56
937,Dr. Wahyu Hidayat,Urologi,08:00-14:00,57
938,Dr. Endang Sulistyowati,Rehabilitasi,07:30-13:30,58
939,Dr. Hadi Purnomo,Onkologi,08:00-14:00,59
940,Dr. Vina Andriani,Geriatri,09:00-15:00,60
941,Dr. Bima Sakti,Umum,08:00-14:00,61
942,Dr. Citra Dewi,Anak,09:30-15:30,62
943,Dr. Eko Susilo,Jantung,07:00-13:00,63
944,Dr. Diah Ayu,Kulit,08:30-14:30,64
945,Dr. Gilang Ramadhan,Mata,10:30-16:30,65
946,Dr. Hari Susanto,Kandungan,07:30-13:30,66
947,Dr. Kartika Sari,Saraf,08:00-14:00,67
948,Dr. Joni Iskandar,THT,09:00-15:00,68
949,Dr. Lusi Handayani,Paru,07:30-13:30,69
950,Dr. Maman Suryaman,Gigi,08:00-14:00,70
951,Dr. Nina Fitriani,Orthopedi,07:00-13:00,71
952,Dr. Oscar Pratama,Psikiatri,10:00-16:00,72
953,Dr. Priska Sari,Bedah,06:30-12:30,73
954,Dr. Qori Hidayat,Radiologi,08:00-14:00,74
955,Dr. Raden Wijaya,Anestesi,07:30-13:30,75
956,Dr. Sofia Rahmawati,Patologi,09:00-15:00,76
957,Dr. Taufik Rahman,Urologi,08:00-14:00,77
958,Dr. Umi Kalsum,Rehabilitasi,07:00-13:00,78
959,Dr. Victor Sutanto,Onkologi,08:30-14:30,79
960,Dr. Widya Kusuma,Geriatri,09:00-15:00,80
961,Dr. Xylia Handayani,Umum,08:00-14:00,81
962,Dr. Yanto Setiawan,Anak,09:00-15:00,82
963,Dr. Zulkifli Ahmad,Jantung,07:30-13:30,83
964,Dr. Aprilia Sari,Kulit,08:30-14:30,84
965,Dr. Benny Kurniawan,Mata,10:00-16:00,85
966,Dr. Cendana Dewi,Kandungan,07:00-13:00,86
967,Dr. Dimas Prasetyo,Saraf,08:00-14:00,87
968,Dr. Elsa Maharani,THT,09:30-15:30,88
969,Dr. Fandi Setiawan,Paru,07:30-13:30,89
970,Dr. Gita Purnama,Gigi,08:00-14:00,90
971,Dr. Hanafi Rahman,Orthopedi,07:00-13:00,91
972,Dr. Ika Fitriani,Psikiatri,10:00-16:00,92
973,Dr. Januar Widodo,Bedah,06:00-12:00,93
974,Dr. Karina Sari,Radiologi,08:30-14:30,94
975,Dr. Lukman Hakim,Anestesi,07:00-13:00,95
976,Dr. Mega Wulandari,Patologi,09:00-15:00,96
977,Dr. Nanda Pratama,Urologi,08:00-14:00,97
978,Dr. Okta Fitriani,Rehabilitasi,07:30-13:30,98
979,Dr. Pandu Wijaya,Onkologi,08:00-14:00,99
980,Dr. Qonita Sari,Geriatri,09:00-15:00,100
981,Dr. Rama Setiawan,Umum,08:00-14:00,101
982,Dr. Selly Handayani,Anak,09:30-15:30,102
983,Dr. Tommy Gunawan,Jantung,07:00-13:00,103
984,Dr. Uci Rahmawati,Kulit,08:30-14:30,104
985,Dr. Valen Purnomo,Mata,10:30-16:30,105
986,Dr. Winda Kusuma,Kandungan,07:30-13:30,106
987,Dr. Xavi Pratama,Saraf,08:00-14:00,107
988,Dr. Yesi Fitriani,THT,09:00-15:00,108
989,Dr. Zidan Ahmad,Paru,07:30-13:30,109
990,Dr. Adelia Sari,Gigi,08:00-14:00,110
991,Dr. Bagus Wijaya,Orthopedi,07:00-13:00,111
992,Dr. Chandra Dewi,Psikiatri,10:00-16:00,112
993,Dr. David Setiawan,Bedah,06:30-12:30,113
994,Dr. Elly Handayani,Radiologi,08:00-14:00,114
995,Dr. Fadli Rahman,Anestesi,07:30-13:30,115
996,Dr. Ghina Fitriani,Patologi,09:00-15:00,116
997,Dr. Hisyam Pratama,Urologi,08:00-14:00,117
998,Dr. Icha Kusuma,Rehabilitasi,07:00-13:00,118
999,Dr. Jihan Sari,Onkologi,08:30-14:30,119
1000,Dr. Kevin Wijaya,Geriatri,09:00-15:00,120
1001,Dr. Lala Handayani,Umum,08:00-14:00,121
1002,Dr. Mira Setiawan,Anak,09:00-15:00,122
1003,Dr. Naufal Ahmad,Jantung,07:30-13:30,123
1004,Dr. Oci Rahmawati,Kulit,08:30-14:30,124
1005,Dr. Prita Fitriani,Mata,10:00-16:00,125
1006,Dr. Qadri Pratama,Kandungan,07:00-13:00,126
1007,Dr. Rina Dewi,Saraf,08:00-14:00,127
1008,Dr. Sandi Kusuma,THT,09:30-15:30,128
1009,Dr. Tari Handayani,Paru,07:30-13:30,129
1010,Dr. Ulfa Sari,Gigi,08:00-14:00,130
1011,Dr. Vira Wijaya,Orthopedi,07:00-13:00,131
1012,Dr. Wulan Fitriani,Psikiatri,10:00-16:00,132
1013,Dr. Yogi Setiawan,Bedah,06:00-12:00,133
1014,Dr. Zahra Ahmad,Radiologi,08:30-14:30,134
1015,Dr. Angga Pratama,Anestesi,07:00-13:00,135
1016,Dr. Bella Kusuma,Patologi,09:00-15:00,136
1017,Dr. Ciko Handayani,Urologi,08:00-14:00,137
1018,Dr. Dara Fitriani,Rehabilitasi,07:30-13:30,138
1019,Dr. Edwin Wijaya,Onkologi,08:00-14:00,139
1020,Dr. Fira Sari,Geriatri,09:00-15:00,140
1021,Dr. Galih Setiawan,Umum,08:00-14:00,141
1022,Dr. Hana Ahmad,Anak,09:30-15:30,142
1023,Dr. Ivan Pratama,Jantung,07:00-13:00,143
1024,Dr. Jessi Kusuma,Kulit,08:30-14:30,144
1025,Dr. Kiki Handayani,Mata,10:30-16:30,145
1026,Dr. Lani Fitriani,Kandungan,07:30-13:30,146
1027,Dr. Mada Wijaya,Saraf,08:00-14:00,147
1028,Dr. Nada Sari,THT,09:00-15:00,148
1029,Dr. Oky Setiawan,Paru,07:30-13:30,149
1030,Dr. Pina Ahmad,Gigi,08:00-14:00,150
1031,Dr. Qila Pratama,Orthopedi,07:00-13:00,151
1032,Dr. Rafa Kusuma,Psikiatri,10:00-16:00,152
1033,Dr. Sita Handayani,Bedah,06:30-12:30,153
1034,Dr. Tino Fitriani,Radiologi,08:00-14:00,154
1035,Dr. Uda Wijaya,Anestesi,07:30-13:30,155
1036,Dr. Vera Sari,Patologi,09:00-15:00,156
1037,Dr. Wira Setiawan,Urologi,08:00-14:00,157
1038,Dr. Yuka Ahmad,Rehabilitasi,07:00-13:00,158
1039,Dr. Zara Pratama,Onkologi,08:30-14:30,159
1040,Dr. Ario Kusuma,Geriatri,09:00-15:00,160
1041,Dr. Bila Handayani,Umum,08:00-14:00,161
1042,Dr. Cita Fitriani,Anak,09:00-15:00,162
1043,Dr. Doni Wijaya,Jantung,07:30-13:30,163
1044,Dr. Ela Sari,Kulit,08:30-14:30,164
1045,Dr. Fani Setiawan,Mata,10:00-16:00,165
1046,Dr. Gina Ahmad,Kandungan,07:00-13:00,166
1047,Dr. Heri Pratama,Saraf,08:00-14:00,167
1048,Dr. Ina Kusuma,THT,09:30-15:30,168
1049,Dr. Jaka Handayani,Paru,07:30-13:30,169
1050,Dr. Kila Fitriani,Gigi,08:00-14:00,170
1051,Dr. Lina Wijaya,Orthopedi,07:00-13:00,171
1052,Dr. Mina Sari,Psikiatri,10:00-16:00,172
1053,Dr. Nina Setiawan,Bedah,06:00-12:00,173
1054,Dr. Ola Ahmad,Radiologi,08:30-14:30,174
1055,Dr. Pika Pratama,Anestesi,07:00-13:00,175
1056,Dr. Qina Kusuma,Patologi,09:00-15:00,176
1057,Dr. Rima Handayani,Urologi,08:00-14:00,177
1058,Dr. Sila Fitriani,Rehabilitasi,07:30-13:30,178
1059,Dr. Tika Wijaya,Onkologi,08:00-14:00,179
1060,Dr. Una Sari,Geriatri,09:00-15:00,180
1061,Dr. Vina Setiawan,Umum,08:00-14:00,181
1062,Dr. Wina Ahmad,Anak,09:30-15:30,182
1063,Dr. Yina Pratama,Jantung,07:00-13:00,183
1064,Dr. Zina Kusuma,Kulit,08:30-14:30,184
1065,Dr. Alma Handayani,Mata,10:30-16:30,185
1066,Dr. Bina Fitriani,Kandungan,07:30-13:30,186
1067,Dr. Cina Wijaya,Saraf,08:00-14:00,187
1068,Dr. Dina Sari,THT,09:00-15:00,188
1069,Dr. Elma Setiawan,Paru,07:30-13:30,189
1070,Dr. Fina Ahmad,Gigi,08:00-14:00,190
1071,Dr. Gina Pratama,Orthopedi,07:00-13:00,191
1072,Dr. Hina Kusuma,Psikiatri,10:00-16:00,192
1073,Dr. Ina Handayani,Bedah,06:30-12:30,193
1074,Dr. Jina Fitriani,Radiologi,08:00-14:00,194
1075,Dr. Kina Wijaya,Anestesi,07:30-13:30,195
1076,Dr. Lina Sari,Patologi,09:00-15:00,196
1077,Dr. Mina Setiawan,Urologi,08:00-14:00,197
1078,Dr. Nina Ahmad,Rehabilitasi,07:00-13:00,198
1079,Dr. Ola Pratama,Onkologi,08:30-14:30,199
1080,Dr. Pina Kusuma,Geriatri,09:00-15:00,200
1081,Dr. Qina Handayani,Umum,08:00-14:00,201
1082,Dr. Rina Fitriani,Anak,09:00-15:00,202
1083,Dr. Sina Wijaya,Jantung,07:30-13:30,203
1084,Dr. Tina Sari,Kulit,08:30-14:30,204
1085,Dr. Una Setiawan,Mata,10:00-16:00,205
1086,Dr. Vina Ahmad,Kandungan,07:00-13:00,206
1087,Dr. Wina Pratama,Saraf,08:00-14:00,207
1088,Dr. Yina Kusuma,THT,09:30-15:30,208
1089,Dr. Zina Handayani,Paru,07:30-13:30,209
1090,Dr. Alina Fitriani,Gigi,08:00-14:00,210
1091,Dr. Bina Wijaya,Orthopedi,07:00-13:00,211
1092,Dr. Cina Sari,Psikiatri,10:00-16:00,212
1093,Dr. Dina Setiawan,Bedah,06:00-12:00,213
1094,Dr. Elina Ahmad,Radiologi,08:30-14:30,214
1095,Dr. Fina Pratama,Anestesi,07:00-13:00,215
1096,Dr. Gina Kusuma,Patologi,09:00-15:00,216
1097,Dr. Hina Handayani,Urologi,08:00-14:00,217
1098,Dr. Ina Fitriani,Rehabilitasi,07:30-13:30,218
1099,Dr. Jina Wijaya,Onkologi,08:00-14:00,219
1100,Dr. Kina Sari,Geriatri,09:00-15:00,220
1101,Dr. Lina Setiawan,Umum,08:00-14:00,221
1102,Dr. Mina Ahmad,Anak,09:30-15:30,222
1103,Dr. Nina Pratama,Jantung,07:00-13:00,223
1104,Dr. Ola Kusuma,Kulit,08:30-14:30,224
1105,Dr. Pina Handayani,Mata,10:30-16:30,225
1106,Dr. Qina Fitriani,Kandungan,07:30-13:30,226
1107,Dr. Rina Wijaya,Saraf,08:00-14:00,227
1108,Dr. Sina Sari,THT,09:00-15:00,228
1109,Dr. Tina Setiawan,Paru,07:30-13:30,229
1110,Dr. Una Ahmad,Gigi,08:00-14:00,230
1111,Dr. Vina Pratama,Orthopedi,07:00-13:00,231
1112,Dr. Wina Kusuma,Psikiatri,10:00-16:00,232
1113,Dr. Yina Handayani,Bedah,06:30-12:30,233
1114,Dr. Zina Fitriani,Radiologi,08:00-14:00,234
1115,Dr. Alina Wijaya,Anestesi,07:30-13:30,235
1116,Dr. Bina Sari,Patologi,09:00-15:00,236
1117,Dr. Cina Setiawan,Urologi,08:00-14:00,237
1118,Dr. Dina Ahmad,Rehabilitasi,07:00-13:00,238
1119,Dr. Elina Pratama,Onkologi,08:30-14:30,239
1120,Dr. Fina Kusuma,Geriatri,09:00-15:00,240
1121,Dr. Gina Handayani,Umum,08:00-14:00,241
1122,Dr. Hina Fitriani,Anak,09:00-15:00,242
1123,Dr. Ina Wijaya,Jantung,07:30-13:30,243
1124,Dr. Jina Sari,Kulit,08:30-14:30,244
1125,Dr. Kina Setiawan,Mata,10:00-16:00,245
1126,Dr. Lina Ahmad,Kandungan,07:00-13:00,246
1127,Dr. Mina Pratama,Saraf,08:00-14:00,247
1128,Dr. Nina Kusuma,THT,09:30-15:30,248
1129,Dr. Ola Handayani,Paru,07:30-13:30,249
1130,Dr. Pina Fitriani,Gigi,08:00-14:00,250
1131,Dr. Qina Wijaya,Orthopedi,07:00-13:00,251
1132,Dr. Rina Sari,Psikiatri,10:00-16:00,252
1133,Dr. Sina Setiawan,Bedah,06:00-12:00,253
1134,Dr. Tina Ahmad,Radiologi,08:30-14:30,254
1135,Dr. Una Pratama,Anestesi,07:00-13:00,255
1136,Dr. Vina Kusuma,Patologi,09:00-15:00,256
1137,Dr. Wina Handayani,Urologi,08:00-14:00,257
1138,Dr. Yina Fitriani,Rehabilitasi,07:30-13:30,258
1139,Dr. Zina Wijaya,Onkologi,08:00-14:00,259
1140,Dr. Alina Sari,Geriatri,09:00-15:00,260
1141,Dr. Bina Setiawan,Umum,08:00-14:00,261
1142,Dr. Cina Ahmad,Anak,09:30-15:30,262
1143,Dr. Dina Pratama,Jantung,07:00-13:00,263
1144,Dr. Elina Kusuma,Kulit,08:30-14:30,264
1145,Dr. Fina Handayani,Mata,10:30-16:30,265
1146,Dr. Gina Fitriani,Kandungan,07:30-13:30,266
1147,Dr. Hina Wijaya,Saraf,08:00-14:00,267
1148,Dr. Ina Sari,THT,09:00-15:00,268
1149,Dr. Jina Setiawan,Paru,07:30-13:30,269
1150,Dr. Kina Ahmad,Gigi,08:00-14:00,270
1151,Dr. Lina Pratama,Orthopedi,07:00-13:00,271
1152,Dr. Mina Kusuma,Psikiatri,10:00-16:00,272
1153,Dr. Nina Handayani,Bedah,06:30-12:30,273
1154,Dr. Ola Fitriani,Radiologi,08:00-14:00,274
1155,Dr. Pina Wijaya,Anestesi,07:30-13:30,275
1156,Dr. Qina Sari,Patologi,09:00-15:00,276
1157,Dr. Rina Setiawan,Urologi,08:00-14:00,277
1158,Dr. Sina Ahmad,Rehabilitasi,07:00-13:00,278
1159,Dr. Tina Pratama,Onkologi,08:30-14:30,279
1160,Dr. Una Kusuma,Geriatri,09:00-15:00,280
1161,Dr. Vina Handayani,Umum,08:00-14:00,281
1162,Dr. Wina Fitriani,Anak,09:00-15:00,282
1163,Dr. Yina Wijaya,Jantung,07:30-13:30,283
1164,Dr. Zina Sari,Kulit,08:30-14:30,284
1165,Dr. Alina Setiawan,Mata,10:00-16:00,285
1166,Dr. Bina Ahmad,Kandungan,07:00-13:00,286
1167,Dr. Cina Pratama,Saraf,08:00-14:00,287
1168,Dr. Dina Kusuma,THT,09:30-15:30,288
1169,Dr. Elina Handayani,Paru,07:30-13:30,289
1170,Dr. Fina Fitriani,Gigi,08:00-14:00,290
1171,Dr. Gina Wijaya,Orthopedi,07:00-13:00,291
1172,Dr. Hina Sari,Psikiatri,10:00-16:00,292
1173,Dr. Ahmad Santoso,Umum,08:00-14:00,1