"id","judul","penulis","gambar","isi","link","created_at","updated_at"
"1","Aussie blokes urged to act F.A.S.T. by learning the signs of stroke - Sunbury & Macedon Ranges | Star Weekly","Admin",NULL,"Aussie blokes urged to act F.A.S.T. by learning the signs of stroke&nbsp;&nbsp;Sunbury & Macedon Ranges | Star Weekly","https://news.google.com/rss/articles/CBMiuwFBVV95cUxNVDRMSHZKZ2VvXzdXQmZIVjVOdnZjWXN2TUR3d0d3VS1QaE1SRGs4M1NZLWdwWDB3akVJMklVVWVoY1E3bTFnSW9ibFZvaVY3dlRuTGZBNFlxN3k5WWloV2s3QjBsRE5KSUtvS2Z0MHl0bkp3RHVUem0yaGJSNjlUNXhaZVJWQnBWTnJDY1g0Y2kzYWI1MnByWTZHa2tNaDJJNUlfdGVWekItX1lmVk1zVjRGVlJKQnJFdXM4?oc=5","2025-06-14 09:55:57","2025-06-14 09:55:57"
"2","Simple blood test detects cancer up to 3 years before symptoms appear - Earth.com","Admin",NULL,"Simple blood test detects cancer up to 3 years before symptoms appear&nbsp;&nbsp;Earth.comNew Blood Test Spots Cancer up to 3 Years Before Symptoms Emerge&nbsp;&nbsp;SciTechDailyJohns Hopkins blood test detects tumor dna three years early&nbsp;&nbsp;ScienceDailyEarly and accurate cancer detection now possible with $4 paper-based device&nbsp;&nbsp;AOL.comBlood Tests Can Detect Cancer Years Earlier&nbsp;&nbsp;U.S. News & World Report","https://news.google.com/rss/articles/CBMiiwFBVV95cUxOUHdaeHBNNmREVVdHMlFzZ2hpWDNtcmVXLXF6SDZBWlV5T28yNW1sR2JNdHJiZzB6ZHZQQlJNV0xZeGtNWTFEZUxpT3kwNjUtNWJoR1ljY01TTDVQb2QzM0xlcXRpbFBFNXBzWk9lUGlfSzhOMDJRT0sxQUwybGROUXJRd1NxQjQtaXhJ?oc=5","2025-06-14 09:55:57","2025-06-14 09:55:57"
"3","I'm an NHS leader - but mum still suffered at hands of health service because she was black","Admin","https://ichef.bbci.co.uk/ace/standard/240/cpsprodpb/b2e2/live/862999c0-47a3-11f0-afd7-a517b5f40405.jpg","NHS Confederation chair Lord Adebowale says his mother's death illustrates inequalities in the system.","https://www.bbc.com/news/articles/c3v5q2n4gpxo","2025-06-14 09:55:57","2025-06-14 09:55:57"
"4","Wales is UK worst for surgical abortions, says charity","Admin","https://ichef.bbci.co.uk/ace/standard/240/cpsprodpb/610c/live/6878bb30-45e7-11f0-a075-df12ca9c8444.jpg","Doctors call it ""astonishing"" Wales is behind Northern Ireland where abortion became legal in 2019.","https://www.bbc.com/news/articles/c9890ld7dmjo","2025-06-14 09:55:57","2025-06-14 09:55:57"
"5","BHK-21与IB-IS2细胞系对口蹄疫病毒O型和A型野毒株分离效能的比较研究及其疫苗生产意义 - 生物通","Admin",NULL,"BHK-21与IB-IS2细胞系对口蹄疫病毒O型和A型野毒株分离效能的比较研究及其疫苗生产意义&nbsp;&nbsp;生物通","https://news.google.com/rss/articles/CBMibEFVX3lxTE5reWZ3VmdVaXBWajZFNlFha2tzNjFWMXJtOVlLcWVEaVlraUREdzNpMjFILWxWb0VuMUZ1YW1MMVdIcGkwZ2RZRWtrVk1vOVhBWk9oSzZmU1V5eDcxdkt4WUthUWhGT2JOMkpGQw?oc=5","2025-06-14 09:55:57","2025-06-14 09:55:57"
"6","Percée dans la lutte contre les métastases - Courrier Frontenac","Admin",NULL,"Percée dans la lutte contre les métastases&nbsp;&nbsp;Courrier Frontenac","https://news.google.com/rss/articles/CBMiogFBVV95cUxPeno4eUlvZ0xyU2FTQnBZd1BSWFZQdVB0NWhZN21QbktjU0FIeWJLTzFhQ1dwNG5JZmZzdFltQzkzbXlVbWtOWV9uNWtOU1ZpTkQ0UWFockdKcGwxQ0VIem9lQkNuSFVsdS1JNzdGdWN1YWZqS09jN29tUDFXb2NmTDBhNTVGNndVTDZpTmNjX05vN280ZjlENkg1NXFBdHN6bFE?oc=5","2025-06-14 09:55:57","2025-06-14 09:55:57"
"7","COVID-19 vaccinations no longer recommended for healthy children and adolescents under 18 - Canberra Daily","Admin",NULL,"COVID-19 vaccinations no longer recommended for healthy children and adolescents under 18&nbsp;&nbsp;Canberra DailyWho actually needs a COVID jab?&nbsp;&nbsp;Australian Broadcasting Corporation","https://news.google.com/rss/articles/CBMixwFBVV95cUxNZkNkV0g5NXNVM2k3eTMxRFpjYkNTSkhBR0c0eldLZ1FfblRpdFYta1BwYzRTdlczZm1KYzBBMW44SlZxb2lXWDRlSEdIX0tXaEs1Tk96ZU5oNGVzZUJJcHJMRlI1OVRPczAzVm1WcGs3VWVhc2gyT1lxX2NleEJhSEdSdktrbFV5Q2RjS3lXTVdONFpUeEZiN25XRDZEMWpGRndseDl1UU0xY2wxWUV4RktKOHZnUXRMeDZwTGJVcDdxVWVrbDVz?oc=5","2025-06-14 09:55:57","2025-06-14 09:55:57"
"8","Long-lived people have the same crucial blood biomarkers, pointing scientists towards new anti-aging treatments - Earth.com","Admin",NULL,"Long-lived people have the same crucial blood biomarkers, pointing scientists towards new anti-aging treatments&nbsp;&nbsp;Earth.comKey habit shared by 90% of 'remarkably healthy' centenarians uncovered in town known for longevity&nbsp;&nbsp;GB NewsUnlocking the Secrets of Longevity: How Centenarians Defy Aging&nbsp;&nbsp;SciTechDailyHabits of Centenarians We Could All Adopt&nbsp;&nbsp;MSNThe Secret to Living Past 100? Scientists Say It Could Be Hidden in This Small Italian Village&nbsp;&nbsp;SciTechDaily","https://news.google.com/rss/articles/CBMivwFBVV95cUxOT19qNDRjX2hwLXk3bnBPWjdGUWppZG1HQkxXNkh4ZFNRTTZFdEJ5ZFNXSkZyTjBFaDNUb3dFVDFnYlpoaTJBb1B6ellNMWtnSW9LNWxHMk1HQk1YM2JPNHdPS2Z5Q2ZpX2xZelJRSGZoVmtuRmNwb0JocVpqeHZTZFlweGVwNWIyM0NDckZCaWRXXzBhRnQ0dTJzZlVkRVgzdHoyYUQtenFTd1NwT0NPdFRVdlZHS0Jrb1JLVU1nQQ?oc=5","2025-06-14 09:55:57","2025-06-14 09:55:57"
"9","Why is my hay fever so bad this year?","Admin","https://ichef.bbci.co.uk/ace/standard/240/cpsprodpb/553f/live/db82b5a0-4852-11f0-8ee0-4f68d841efd9.jpg","It's peak pollen season so we set out the best ways to treat hay fever symptoms, and other advice.","https://www.bbc.com/news/articles/cx2jevn2d1eo","2025-06-14 09:55:57","2025-06-14 09:55:57"
"10","Researchers Create Map of Tumor Cells for Personalized Brain Cancer Treatments - Technology Networks","Admin",NULL,"Researchers Create Map of Tumor Cells for Personalized Brain Cancer Treatments&nbsp;&nbsp;Technology Networks","https://news.google.com/rss/articles/CBMixwFBVV95cUxOS0wwNE5XSElBYUUzdHprSWN6R0d1YkdHTkxaSzZPNlZUbkdWYXdSUVdwUHpZYkZjSVhlNHZLSHlRcndRR0dLQmlvMEJjakctZGFrUUZtZUpMRTVKWHlrX1BSUUZNUl8yN0F1a1VDM01yODBNSXVpMno4VGVBYU9EWjhldl83dUg0c0MxTnZuWFFmZE9IbVZtREFHYVVlaTBpSkNkTzVxSmtXdmNQVHNXNGZrYVNZVjFQSDZoVmo3amRkZVpJMXpV?oc=5","2025-06-14 09:55:57","2025-06-14 09:55:57"
"11","My Father Never Escaped His Rage and Anxiety. Can I?","Alexander Nazaryan",NULL,"A son feels trapped by the legacy of his father’s battles with mental health.","https://www.nytimes.com/2025/06/13/well/my-father-never-escaped-his-rage-and-anxiety-can-i.html","2025-06-14 09:55:57","2025-06-14 09:55:57"
"12","Elektrokrampftherapie senkt Suizidrisiko bei schwerer Depression - it boltwise","Admin",NULL,"Elektrokrampftherapie senkt Suizidrisiko bei schwerer Depression&nbsp;&nbsp;it boltwiseElektrokonvulsionstherapie EKT: Elektroschocks gegen Depressionen&nbsp;&nbsp;DeutschlandfunkIhre Depression schien unheilbar – dann half ihr ein Hirnschrittmacher&nbsp;&nbsp;STERN.de","https://news.google.com/rss/articles/CBMinAFBVV95cUxPTTFYUUFudmFGeW8zVFpST2x2SHF2LU1heXhJMDNwaFJqUlJoV1dlWVJjbmtwTjcxbzhnSWpYTFMzS25nekZFUHZpOUdpOXNJM2g5Tnl6N3FUUjdxZHdCSVlha1dpekJaLXh6dkdLU0ZsNko0dHRRVXQ0Rkp4ZTF4MDdpWHIzblZZVDg3bTR6TXUtQ3JZYjluQV9sUDU?oc=5","2025-06-14 09:55:57","2025-06-14 09:55:57"
"13","Protocole d’évaluation de l'acte de radiothérapie peropératoire (RTPO) adjuvante à la tumorectomie dans le traitement du cancer du sein précoce à faible risque de récidive - Haute Autorité de Santé - HAS","Admin",NULL,"Protocole d’évaluation de l'acte de radiothérapie peropératoire (RTPO) adjuvante à la tumorectomie dans le traitement du cancer du sein précoce à faible risque de récidive&nbsp;&nbsp;Haute Autorité de Santé - HAS","https://news.google.com/rss/articles/CBMitwJBVV95cUxNb3d5S1dUM0pRZjBlb0daNEo3cWpBQnBPNmFxME93czBFY1RweVdGTndrUDlZVkhfNzQzMk5zOGZ5aDlEUERsSF9fYzBZbFlGYWdEbmdmeUVqSGRpZ1dZYndTVlkxTExaS0U2MGdfX0wyd1ozMkZwUGZuZmQ2TTFlRVN1a2t4bEVacjBqWl9Fd1YzR1F3Q18xd0x0N1hLWFpQT0hlbkZjUzFpMHBlQjZBTlZmNk9kTFJoRFNFZ185anh4MXBGVUxWVzdJbGQxUTg2cVlTeHdvVXFITzBpQ0NOb2tqX0JhWDNNNFRMb01DRlNtQUs2cWpqS2FCTE55ZzVfWXd0bDA0Y3lEcml4eHAzblNUZUgwSzJGVVVZeUlEbVdRbzJWVjhlZnM3MlZnTnFqS0lrcnF6OA?oc=5","2025-06-14 09:55:57","2025-06-14 09:55:57"
"14","HCTCO instaura sindicância para apurar supostos ‘atos libidinosos’ durante plantões - O Diário de Teresópolis","Admin",NULL,"HCTCO instaura sindicância para apurar supostos ‘atos libidinosos’ durante plantões&nbsp;&nbsp;O Diário de Teresópolis","https://news.google.com/rss/articles/CBMitwFBVV95cUxNWWxIMzN3Z0lzLTlxQ0FYdXd5VW9IUVZrMXp6RXlUUkFoOXdrU1RwVFhQNHBldTRfZFl5R01GNW54c1BiLVFKd3NSUmFqekd5LVhPNjlWbmFEbjMzNEtSRW5idmsxZXFPNFZnWlNlTmdEOXRxMlQtZEpoVWdhdmkyNFd3d1ZfOE9XZTVEaU13Qnh3Wm1wQmV5UW9saUg4S0Jqb21GQjVveGdfMlowSGlkb29xcTdnMjg?oc=5","2025-06-14 09:55:57","2025-06-14 09:55:57"
"15","Nexplanon : baisse des cas de migration pulmonaire, mais la vigilance reste de mise - Le Quotidien du Pharmacien","Admin",NULL,"Nexplanon : baisse des cas de migration pulmonaire, mais la vigilance reste de mise&nbsp;&nbsp;Le Quotidien du Pharmacien","https://news.google.com/rss/articles/CBMi6wFBVV95cUxPTHNsT0pTdkZ6RGpTT1dKLXRzVGFWb3d0VmdhRUlxOFF0N0p6Ung1bHlSc3ZEOWQ3R1lXSkQ5cUlsLUNzNzRqVnFfV2NaOUJjTUdiWFNpajc3U05GODRiUHZCNUVCSzdSSXJLR0MxODRzSnkwNUtZUUtFaVlBZElqd2k5NUNaQ0l6dlA0V2RwMDZlNW82bTNYeXBJQmtGbmc0YWhUdDEyVDFCNTVWTDNVa3JXUWZFR3ViaExabUZFV2l1QVVBVTBWM2l0YUNiSjA3dHJDYXA0VjhwZWVoM3R5Q01rRENfU1pUb0U0?oc=5","2025-06-14 09:55:57","2025-06-14 09:55:57"
"16","Primär sklerosierende Cholangitis mit Epstein-Barr-Virus assoziiert - Ärzte Zeitung","Admin",NULL,"Primär sklerosierende Cholangitis mit Epstein-Barr-Virus assoziiert&nbsp;&nbsp;Ärzte Zeitung","https://news.google.com/rss/articles/CBMiuAFBVV95cUxQSXI0Rk1fTVFhcmRoOXhWU1JxRm02cU5PTmczYko5eV9uX0dfZVZLMGQ4cXNjeWNrUmdHQjQtNE5vQnRtVF90SW1ESGZPMTluMTFWSnEwZjliQ0g1Y1h2QXBkdHM4M2ROUjZxdm85S0EzU0FqNVBPcnZxdVRsdHJRc01Xa2h2bmRvd1p6OEJqV1haNVpISVdkbnNZbkdxeVZVZVRFaFA4RTZWbzZGckh4Sm5HLW5sWFI3?oc=5","2025-06-14 09:55:57","2025-06-14 09:55:57"
"17","Não é gripe: tosse seca e sem catarro pode ser alergia respiratória - UOL","Admin",NULL,"Não é gripe: tosse seca e sem catarro pode ser alergia respiratória&nbsp;&nbsp;UOL","https://news.google.com/rss/articles/CBMiwwFBVV95cUxPaWtfTHgtd0xwX0hGdTJZaW9Pbk5qR1B5WTBMcHdEVVpZVkdPYk9WNjB6SUhtNWNHMTgtVWJSYTN5SHpvR3Jtc1gtTExmZHREWFlXMThpcV9qSGlZczJGWDdkZ01JRkNJSGZZSFpGWXhBQXZYMlcyUzRROUVWR0k0cFRtdEE3RTFwU1FGbGt4YktrOUVham1lQ2hIajg3VmNtR01rTzN1VHlZUzBNWFlycS1wLWlFWWh3ZmRPVU05dFFqc2c?oc=5","2025-06-14 09:55:57","2025-06-14 09:55:57"
"18","New prostate cancer therapy to significantly shorten treatment time for Tasmanians - Tasmanian Department of Health","Admin",NULL,"New prostate cancer therapy to significantly shorten treatment time for Tasmanians&nbsp;&nbsp;Tasmanian Department of Health","https://news.google.com/rss/articles/CBMitgFBVV95cUxOZnlrcUExcmctbEVqYzMwMVhxUEZMUUJXYlNnLUlFTjFvNk9YZWpFU3prOV9uOTB4eVV1WV9jUVVkdVJDTnpKVTF3ZFpfaThOeTRjYTVjd2t5b01ZdzNvTGNtWXVGZU5WeEZBZmRnOVNfYmpTYzdheTNJRzV0T0JVc0x5RWhQYUZsWDI4bTJKYUUxQmxHbk9idmRIUkJJV2lETTlRaFpmcXJ5Z3hlaThieDFjdjAxUQ?oc=5","2025-06-14 09:55:57","2025-06-14 09:55:57"
"19","Ernährungsexperten rechnen vor: Skyr gilt als Eiweißbombe - doch Magerquark hat mehr davon","Admin","https://rp-online.de/imgs/32/2/3/4/3/6/0/9/8/3/tok_ac60fe3ca511885f1aec0a93a15a0a48/w950_h950_x836_y706_og57ap3igk-v14-ax-s2048-477a41d2ce685227.jpeg","Der gute alte Magerquark schlägt laut Berechnungen von Verbraucherschützern den trendigen Skyr aus dem Norden - beim Eiweiß und beim Preis. Mit einem Trick wird der Quark sogar noch cremiger.","https://rp-online.de/leben/gesundheit/ernaehrung/skyr-gilt-als-eiweissbombe-doch-magerquark-hat-mehr-davon_aid-129244259","2025-06-14 09:55:57","2025-06-14 09:55:57"
"20","Chikungunya : un premier cas autochtone détecté dans le Var, une ""démoustication"" réalisée dans la commune concernée - ladepeche.fr","Admin",NULL,"Chikungunya : un premier cas autochtone détecté dans le Var, une ""démoustication"" réalisée dans la commune concernée&nbsp;&nbsp;ladepeche.frUn cas de chikungunya détecté à La Crau&nbsp;&nbsp;francebleu.frChikungunya : un premier cas du virus détecté en France métropolitaine cette année&nbsp;&nbsp;RTL.frUn premier cas de chikungunya détecté à La Crau (Var)&nbsp;&nbsp;vaucluse.gouv.frChikungunya : le premier cas autochtone de l’année en France métropolitaine détecté dans le Var&nbsp;&nbsp;Ouest-France","https://news.google.com/rss/articles/CBMi8gFBVV95cUxQUkVEN0hxd1lKLWVSTFlDR1l4Vk95ZnNNNmFsRkM0UldjeXBrelpyX0F4MkUzSE5yZVJFR0gxNlpVeDBlb1cxXzNVWjh6ZUNBSXUyajV4ODhKRDhIMXZ6Tzh2NkNJMlBuTjBiYWYwdm13QlY2SHQ4aklScjdhZGszWllKdk9TcnRQbkQ5T3MxSUlmVFRsMnBWN0pzNVVmYURneEgyUGVvRUVncDBCbFdhOTZEYXVXV0hpWWpoelByekFDZl9xMV9iTjlOVl90Z3JSUDRUaWZHMGFqZW91VDU0MXRINUNtQkpQd3FuaGg2dVZaQQ?oc=5","2025-06-14 09:55:57","2025-06-14 09:55:57"
"21","Online Learning Boosts Guideline Use Over 50% - Mirage News","Admin",NULL,"Online Learning Boosts Guideline Use Over 50%&nbsp;&nbsp;Mirage News","https://news.google.com/rss/articles/CBMihwFBVV95cUxQV0IzaVpGVjRaLV9NdXY1Qmkwel84eEVuREctelZFakE1R3VXVnc1anZJOTRnSkVFWFhoZ2tjRkItQ2pVNE9LeGc1bDE5QUl1ZkxMN2M1YzZqQzVtTHE5ejRiVE9OX09qRDVTS1pRMW5DZ3pFSDdGTm9TUkpReGhyOWVpTlhGX0U?oc=5","2025-06-14 09:55:57","2025-06-14 09:55:57"
"22","How to Survive a Crisis","Jancee Dunn","https://static01.nyt.com/images/2025/06/13/well/13WELL-NL-DISASTER/13WELL-NL-DISASTER-mediumSquareAt3X.jpg","An international disaster adviser shares advice for going through a difficult time.","https://www.nytimes.com/2025/06/13/well/how-to-survive-a-crisis.html","2025-06-14 09:55:57","2025-06-14 09:55:57"
"23","How a Purge at One Obscure Panel Could Disrupt Vaccinations","Apoorva Mandavilli","https://static01.nyt.com/images/2025/06/13/multimedia/13hs-vaccines-05-lfmw/13hs-vaccines-05-lfmw-mediumSquareAt3X.jpg","Robert F. Kennedy Jr., the health secretary, dismissed 17 scientific advisers to the C.D.C. Critics fear newly appointed members will roll back vaccine recommendations.","https://www.nytimes.com/2025/06/13/health/vaccines-kennedy-cdc.html","2025-06-14 09:55:57","2025-06-14 09:55:57"
"24","Prior Covid vaccination proved beneficial for acute kidney injury patients: Study - MorungExpress","Admin",NULL,"Prior Covid vaccination proved beneficial for acute kidney injury patients: Study&nbsp;&nbsp;MorungExpressCOVID-19 vaccination lowers dialysis and mortality risk in patients with COVID-related acute kidney injury&nbsp;&nbsp;healthcare-in-europe.comDoes Covid vaccine lower Kidney risk? | Tap to know more | Inshorts&nbsp;&nbsp;Inshorts","https://news.google.com/rss/articles/CBMiqgFBVV95cUxNVnpiTDF0SWt4SGJlVGJGMV9GTkhiVkxFTC1lRVJsLXFSdjNSaFItTHVJMHEwT3hIQzFTdEh6amE5Y25xSnlTTTcyN3JZTHJHaUFvN2xXY1NqY1FvOHJ1dFhGLVc4cXBpQ25kcXgzMmhoOTVNck5oUnl3OERial90SWdqNGVncXlRWjJDam5XNWF5cWJlcmZsYzd3eFowX2phMWdMcDYyZTJ5UQ?oc=5","2025-06-14 09:55:57","2025-06-14 09:55:57"
"25","Social media eating ills - Star Weekly","Admin",NULL,"Social media eating ills&nbsp;&nbsp;Star WeeklyThose ‘what I eat in a day’ TikTok videos aren’t helpful. They might even be harmful&nbsp;&nbsp;The Conversation","https://news.google.com/rss/articles/CBMiiwFBVV95cUxOaXNxb05HT1dyclVZS0NzTlJHSjRDRmNCTWlIakpWOS1lOUNlM21YWmg3MkhwWjltLUlUUHVOZl9JLXlNNnBiUXRsTUN4M3Z3OTI5VndMWUlYbUkwOHZkeXAyZ1J0VFd4TVdqcVp5MzdHVDlteWlhN0pjMDRjbzJjUnhRU0JBU1B1TGQ0?oc=5","2025-06-14 09:55:57","2025-06-14 09:55:57"
"26","Actualité - Retour d'information sur le PRAC - ANSM","Admin",NULL,"Actualité - Retour d'information sur le PRAC&nbsp;&nbsp;ANSM","https://news.google.com/rss/articles/CBMickFVX3lxTE5ZTTRXYVBJQ0pWQkRCa0tiRV91UVZhUDAxbzRUWlllYlJVdUFyQjJCckJXMEFhX0RTQ2hXRXJQVFR6bGFCRWxscVB6TkxBRGNySEhsREREcW5ZQWk2LXJGRGw5NnU0NUFpN2pRZnNSZVRBdw?oc=5","2025-06-14 09:55:57","2025-06-14 09:55:57"
"27","À la maison de santé de Belfort, on regarde ses grains de beauté pour prévenir les cancers - Radio France","Admin",NULL,"À la maison de santé de Belfort, on regarde ses grains de beauté pour prévenir les cancers&nbsp;&nbsp;Radio FranceCancer de la peau : les premiers signes à observer&nbsp;&nbsp;Radio-CanadaRayons UV : principaux responsables de plus de 80 % des cancers cutanés mondiaux, protégez-vous&nbsp;&nbsp;MSN10 (bonnes) raisons de ne pas vouloir bronzer cet été&nbsp;&nbsp;Portail FreeCancer de la peau : dans quelle région de France le soleil est-il le plus dangereux ?&nbsp;&nbsp;Ouest-France","https://news.google.com/rss/articles/CBMijgJBVV95cUxPelVxUC00dUJHRmlJYTRsdXE5ZTNOeVUzLWxldlotamVnMHBTdkZXaW5YMXB5el9RT2lET0NUcDhfYl9BY3pDTGx1RW1iZ2lNVnQyNmhIXzk5UXNXY2hqb0hFWEpud05OeDhXejdSMkhSNXJ1Vl9hUFBaYnpxZHBCNkhaNVZxaFpOUXp0SHhta0kxQzk5NVJvWVhLMm94YXpndW5LU25xdExUTVNQYmp1Z2hxQ0xWM3V3c1dDMjN6RjB6bXdBLXA4T0JQZlRITmxzSU9qZVg2b2FBeWZZQ25PSEdZTXl6Nk91X3pYa0p4SGVUeF9MWGVJTkF6YlVVS3NCV1p3dnZwaC1qMXBMRmc?oc=5","2025-06-14 09:55:57","2025-06-14 09:55:57"
"28","Cancer de la peau : dans quelle région de France le soleil est-il le plus dangereux ? - Ouest-France","Admin",NULL,"Cancer de la peau : dans quelle région de France le soleil est-il le plus dangereux ?&nbsp;&nbsp;Ouest-FranceCancer de la peau : les premiers signes à observer&nbsp;&nbsp;Radio-CanadaRayons UV : principaux responsables de plus de 80 % des cancers cutanés mondiaux, protégez-vous&nbsp;&nbsp;MSN10 (bonnes) raisons de ne pas vouloir bronzer cet été&nbsp;&nbsp;Portail FreeToute l'actualité ""ultraviolets""&nbsp;&nbsp;Jean-Marc Morandini","https://news.google.com/rss/articles/CBMi8AFBVV95cUxOR1lGSTFOM0FkODBLdUtXcHh0Z2dpenBVQUVCS0M5SVFhODUwNEIyaWZJbkQxTlc0dG9JYUxkMk5kRlVKcHJ2ak5DS0FDZTZsa2x0R0dDc081NlQtTlowRy04WmZiZ0FhVFBRY2NFMW1jVmlMc3M1b2lxbFRLX3NDdGc5WlFLODNCQ2NMRzFDdVZqeUlVbXZOc2NNUzhSUXNaRHo1eHIxYUwtQm84MC02dzZidWdBWmZkQXkyU0hxN2ZJS05EVGE2TkpRYU4xZkVDVXloNWV2cUdfd0Fnazgwc1F0R0puUWllckN3eGlvLTc?oc=5","2025-06-14 09:55:57","2025-06-14 09:55:57"
"29","L’ARN, une arme pour débusquer le virus du sida? - pieuvre.ca","Admin",NULL,"L’ARN, une arme pour débusquer le virus du sida?&nbsp;&nbsp;pieuvre.caLe VIH enfin débusqué?&nbsp;&nbsp;Radio-CanadaSanté : Comment les vaccins contre le Covid-19 ont sans doute permis de trouver un remède contre le Sida&nbsp;&nbsp;L'IndépendantL’ARN, arme pour débusquer le virus du sida?&nbsp;&nbsp;sciencepresse.qc.caDes chercheurs belges ont franchi un cap contre le VIH&nbsp;&nbsp;Radio France","https://news.google.com/rss/articles/CBMiaEFVX3lxTE9zMG9vMWVvV0FjLWFKb0JJM3ozY3VnQlctUVU5MDAzRHozdW04d242NnFLSHlwSm5QekF6SXdtSG5TYkFTQlBSZ2JrWUt1azRJZjNOSHNuMklXSHNVT1l2UGFMUkhoMjMy?oc=5","2025-06-14 09:55:57","2025-06-14 09:55:57"
"30","Santé. Épinards, amande, chocolat noir : les aliments ""anti-fatigue"" sont-ils vraiment efficaces ? - Vosges Matin","Admin",NULL,"Santé. Épinards, amande, chocolat noir : les aliments ""anti-fatigue"" sont-ils vraiment efficaces ?&nbsp;&nbsp;Vosges Matin","https://news.google.com/rss/articles/CBMi0gFBVV95cUxPVEVYTExEWThzRkUzUzBwdDN1OGQtTDMyS3V1bUhfdnd3SHhpVDJob0R3anQxNy0zWjhYdnQxSUpaejY0SXNNUTNBNXFHaENrZUNwWU8tcmpPRWM2TDY3NWdTZ0ZNM3l5REw5REJNcVBJUTJnWHg0QThSNnRWQXBNRnc2c2Y4eG80SmxQckM1SXFEYnZQWXpoQTVBb3N2elR5eUNzeHFtZGlOaXRnQlpTTWJVcWRETjBFY3kzSmFzZVM4V3NZaHFXd1JQQmVIcjE2MXc?oc=5","2025-06-14 09:55:57","2025-06-14 09:55:57"
"31","Santé. Pourquoi les vaccins contre la variole et le BCG laissent-ils des cicatrices ? - Le Progrès","Admin",NULL,"Santé. Pourquoi les vaccins contre la variole et le BCG laissent-ils des cicatrices ?&nbsp;&nbsp;Le Progrès","https://news.google.com/rss/articles/CBMivwFBVV95cUxQcHpOMHhlVWdNWTk2RlM2UDB4eU1BY25OblR6T0k5RnM2NnhNNW4tVk1YeHNaVXdCQVg0ZWNTZlRQWWZFLXBkaEdMcUpKb0dmcll6ZHQtN0xBYjI2TjhKS3JKLWVrRkQ3NmlHWG5id0hqQmJ1emVEUzJNcjdwbXlaM25fQ21mYmRBQ0UtVFVCMkV1ZzRXem5hVEFMQUVaTldjWmQzU25Dd1M0M3RYdlREN3NycWRDSVYxWGltaTZfZw?oc=5","2025-06-14 09:55:57","2025-06-14 09:55:57"
"32","Santé. Cancer de la peau : la localisation des mélanomes diffère selon le sexe - Le Dauphiné Libéré","Admin",NULL,"Santé. Cancer de la peau : la localisation des mélanomes diffère selon le sexe&nbsp;&nbsp;Le Dauphiné Libéré","https://news.google.com/rss/articles/CBMivwFBVV95cUxQc00wSkZNSTl3RE9pQ1Y0em5zdVBWd1FiMWVPTjktTEl5N3p1bmZuc1BMSzJxZnM5LUJmTmlLYklCaERZVEpCM2lldzNTV2l2cVB1cGZ5aXZzSDhSZEVRcTJWSzdiQVZaQlZ1ZXloUTlPeEgtY1RxNWlObjFhdEVMYjY2dkcyTHI2d3BTWWhHMzlqVy1vZExwb2l4MlU4VENoQVR5Q3hJVWllSnFad3hKb3RDRGJRT3BsYUlRRi01UQ?oc=5","2025-06-14 09:55:57","2025-06-14 09:55:57"
"33","Région d’Obernai et de Molsheim. Moustique tigre : l’action encore timide des communes - DNA","Admin",NULL,"Région d’Obernai et de Molsheim. Moustique tigre : l’action encore timide des communes&nbsp;&nbsp;DNAAstuce : voici ce qu’il faut faire pour éviter les piqures de moustique&nbsp;&nbsp;RSE MagazineBracelets aux huiles essentielles, répulsif... quel est l'anti-moustique le plus efficace ? Envoyé spécial répond&nbsp;&nbsp;Santé MagazineMoustiques : la France en surveillance renforcée !&nbsp;&nbsp;MedisiteSaison 2025 du moustique tigre&nbsp;&nbsp;health.belgium.be","https://news.google.com/rss/articles/CBMimwFBVV95cUxOMnJzZGM2WE5RQm1TYU0yd1RhWjM0MVdxTzJPZGtwbS1wZGYzUDNyN3paUlZqdTItMGo2dlB6NWJSalVhTmg3d1JCM2daQUR2NFhfSkhYX3V4R2R3U0ViT05sWlhMekVvQTNPamdUbEluYjlkaHBtZERHVWp3MnZ4MzRvZHZleG41aEVXNGdwcFhLSllOS2VVYXlTVQ?oc=5","2025-06-14 09:55:57","2025-06-14 09:55:57"
"34","Common blood pressure drug slows aging and boosts lifespan, even in older animals - Earth.com","Admin",NULL,"Common blood pressure drug slows aging and boosts lifespan, even in older animals&nbsp;&nbsp;Earth.com","https://news.google.com/rss/articles/CBMisgFBVV95cUxQR1FveUFHRGozV2FrcTBKNURmRDRwdmlMMWpBaU1Ockw3VnNRWlBTS28xSnhlRkZVQTN3ZFUzZWNVOXFYT2QwTm1zOElqWndNNHN2RDI1NGlhYTZEVEowRXRuT3BkSkZkRXhJeFNsZi1FWFgxcjBIMVFrLU9jMFE0UkJDRk44WnBZQ0FhdG9UUEQ3R05IMHVNd1hkNTZiUXE1VnVURGpRNUt4Tm9PX3RoVUV3?oc=5","2025-06-14 09:55:57","2025-06-14 09:55:57"
"35","Lúcia Helena: Quando pernas muito finas são sinal de uma doença capaz até de matar - UOL","Admin",NULL,"Lúcia Helena: Quando pernas muito finas são sinal de uma doença capaz até de matar&nbsp;&nbsp;UOL","https://news.google.com/rss/articles/CBMi0AFBVV95cUxPcWlkNUNHbzhVUUFfMGtyNlFNVHp1TVBVRkcxUVNPSEJwVW12UkhYWmpLZHh6YWxlT3Z1YlNRWHVzYmswZHJycHQ1UlhCQWRYVGptcnNkMHNIenkyNTBGUWV6d0VsZnpSUWVXM0dPWldVX1p6bDJNWUNfbDI1RWtLVDNEa0FmanNMQjlQT05zWnl0bUZwRmQ3eUpob2ViVjVBbW5Cc0JNc3Z6MDgtdWktSmJNT1ctYzBoV2xQV09oQWdWUE9iZGx6TXBJYmEweEFz?oc=5","2025-06-14 09:55:57","2025-06-14 09:55:57"
"36","'Never seen this many': Mid Island's largest bat colony grows to more than 2,000 - Ladysmith Chemainus Chronicle","Admin",NULL,"'Never seen this many': Mid Island's largest bat colony grows to more than 2,000&nbsp;&nbsp;Ladysmith Chemainus Chronicle","https://news.google.com/rss/articles/CBMiyAFBVV95cUxOVjNVWDhLdGZXc2p5V2swMVV5d25LUEVMNmJIRDR3dXJBa0pWRF9vSnNjTXRjaFQ2N2dQdm9UdS10aWJDUjVNSXMwckJaeGdEcEUyNkRQU2dteXprYXBOUjhoUHFlNG83RF82MEpHLXptOVZmTU5mMTgyODJjMFJLc1pxMTI4MmFScVNYOWUyenp5elVrSEptaFdNZmxlU0RRdzZtNmFyQ3E1bmRuMzBwX2haTEVtQ3ZyNTB5V2R4UkxYTG9FOXgxaA?oc=5","2025-06-14 09:55:57","2025-06-14 09:55:57"
"37","Flash Flooding in San Antonio Kills 4 People","Nazaneen Ghaffar and Talya Minsberg","https://static01.nyt.com/images/2025/06/12/weather/2025-06-12-texasrains-index-promo/2025-06-12-texasrains-index-promo-mediumSquareAt3X-v2.png","More than six inches of rain fell in the San Antonio region overnight, surpassing the city’s average rainfall for June and July combined.","https://www.nytimes.com/2025/06/12/weather/san-antonio-flash-flood.html","2025-06-14 09:55:57","2025-06-14 09:55:57"
"38","The unexpected mental health consequences of veganism, according to medical research - VegOut","Admin",NULL,"The unexpected mental health consequences of veganism, according to medical research&nbsp;&nbsp;VegOut","https://news.google.com/rss/articles/CBMiswFBVV95cUxPTGREcHNpT3VYaVJOTjJkWm42Y25VZEVrc2JWVEtCTVNXYktYaVVIQmt3QjNUMUhFeDV1Y1paZ1ZOWE5MUmwwanl6clZJWkdleWptd21xY1ZVUGlSX2dKZXVLRk1KZW1NQnBtVldWLWVXQXlKY3J1ckdLTWtmX2RnQVhCdC1tTGw5VVNrMy1fZWJJZ1R0MmFFOW9KZDNhZTFrRXFBOE16NUZxUUdsT0QyTWwwTQ?oc=5","2025-06-14 09:55:57","2025-06-14 09:55:57"
"39","Un label pour les communes engagées contre le cancer - La Gazette des Communes","Admin",NULL,"Un label pour les communes engagées contre le cancer&nbsp;&nbsp;La Gazette des Communes","https://news.google.com/rss/articles/CBMingFBVV95cUxPamw3OTlzVDdlc0p4b1A0a1k2RzN0b0pLRTBLS0xTYlowazVOQnJRLWEzYzUxaUxpTTdyWk1LTlhnZnE4S3dRVHIxVWtra3R1TnlhWnlERWJHSmJEc0wxNXJtQXZFSnBSZTZ0S2FTR29yUDB3N3ROUDAxRWUwN1hNRzFXSWV5RzZNRXdRdjFMWjA1YjhCSTQ5NmlYazNWZw?oc=5","2025-06-14 09:55:57","2025-06-14 09:55:57"
"40","Chatbots can help clinicians become better communicators, and this could boost vaccine uptake - Gavi, the Vaccine Alliance","Admin",NULL,"Chatbots can help clinicians become better communicators, and this could boost vaccine uptake&nbsp;&nbsp;Gavi, the Vaccine Alliance","https://news.google.com/rss/articles/CBMitAFBVV95cUxNWXYyM0JGQWNibHhkc1ExVi1ZUFRWWDQ0cE1sczBWSUJVQXVVdVc2TVFYRFl4NHM3ejNoYzRfdzBuWUZUZFBIeWpaNlJRZW8xQ3NEYWFKQk9rM0ZER1hzV1p0Q1RaUG0yZ29nWHE4bTZEbDZuMTFuTHZIdm1oZnhqU2Jpc1lLakhhWjQ5Vy1PV21SWDNvRlUzNnc2cEtYcEhIZVlQV1lXNW4ySEhkd3oxaTk5ems?oc=5","2025-06-14 09:55:57","2025-06-14 09:55:57"
"41","Aussie blokes urged to act F.A.S.T. by learning the signs of stroke - Melton & Moorabool | Star Weekly","Admin",NULL,"Aussie blokes urged to act F.A.S.T. by learning the signs of stroke&nbsp;&nbsp;Melton & Moorabool | Star Weekly6 Things to Do Before 9 A.M. to Reduce Your Stroke Risk, According to Experts&nbsp;&nbsp;EatingWell","https://news.google.com/rss/articles/CBMitAFBVV95cUxOT216UmttUDBSUFgzN3NvVGFfQlVSWS1URVhMbGk2eFh0elFjbGtFdmNSWU9kOWdsT2k1dEh5cDR5cGVIYm5iNE1lMEhUeEc2ZmhKVHc0bGlmTFNyeHRfVkhyTUloS0ttWlNmV0NLM1luUWVYRTRpbHppbmlVZ0E0V0JLMUNaeDF3TmtGYW1hamtEZ1FacnV3MnFjV3djMU1aam9vWjRPdkZxSUxQRXJxY3RiYUI?oc=5","2025-06-14 09:55:57","2025-06-14 09:55:57"
"42","The Real-Life Dating Boot Camp That Inspired ‘Love on the Spectrum’","Ellen Barry","https://static01.nyt.com/images/2025/06/12/multimedia/12AUTISM-DATING-02-jzpm/12AUTISM-DATING-02-jzpm-mediumSquareAt3X.jpg","When U.C.L.A. psychologists first proposed teaching adults with autism how to date, funders wouldn’t go near it. Now we are in a new world.","https://www.nytimes.com/2025/06/12/health/autism-dating-ucla-love-on-the-spectrum.html","2025-06-14 09:55:57","2025-06-14 09:55:57"
"43","La Fleur de l’Espoir : une belle et grande aventure humaine au départ d’Étampes pour sensibiliser à la maladie d’Alzheimer - mairie-etampes.fr","Admin",NULL,"La Fleur de l’Espoir : une belle et grande aventure humaine au départ d’Étampes pour sensibiliser à la maladie d’Alzheimer&nbsp;&nbsp;mairie-etampes.fr","https://news.google.com/rss/articles/CBMi4gFBVV95cUxQT1hEVWJsdXRwY0NaQlROUGZnUHA5U0JsM0pyLVNpeUJWQWhqOGtaZ2Z1bkxuaVloQVRUU3ZsaDlrVS16dGROakItQlMzRUgyMXo2WGxNRzFaMGsyMWlCOUdiRmp0RUQxT3N2TklpeEt0eXNPTkJTME5PQVhiTVdpUkZETGNNUzJCUmhWSWhRM0RfZzI0RjEweGdjNEhWNGtpX0FtdnlmbGFyaVR0S016VVlzQ2tVaWozTG5aOUJ6czF0c1ljSHlIQnNkNjl1X2VJdDQtQnpYNUV1SUNHbjdOS3FR?oc=5","2025-06-14 09:55:57","2025-06-14 09:55:57"
"44","Column | Doctors said I was ‘too young’ to be seriously ill. I had Stage 4 cancer. - The Washington Post","Admin",NULL,"Column | Doctors said I was ‘too young’ to be seriously ill. I had Stage 4 cancer.&nbsp;&nbsp;The Washington Post","https://news.google.com/rss/articles/CBMilAFBVV95cUxPZEFhdTVSUzZxdlVZMUVpVnRCMVplc2hoZ3A4MU1vSk5sTTkycFRjRlNfSjBfOWE1dm1jYzAtUzhxT2Q0ZDUxLW9JazNwRWI5a1J4dFNqSXZCUzB0LXVJMGJOQmZkSzExaWF0cjE0QnViUkU4RmtXSUQ4a1VwS1pKb2xJX0lmN2NRSFhTcFVIY2lXb29P?oc=5","2025-06-14 09:55:57","2025-06-14 09:55:57"
"45","Hospital backlog drops to lowest level in two years","Admin","https://ichef.bbci.co.uk/ace/standard/240/cpsprodpb/3267/live/9ec78990-4778-11f0-915e-3595f829bdc8.jpg","But the NHS in England is still well below its target for seeing patients within 18 weeks.","https://www.bbc.com/news/articles/c9dqzv316pvo","2025-06-14 09:55:57","2025-06-14 09:55:57"
"46","Une formation gratuite en ligne pour agir sur sa santé mentale et mieux la comprendre - Faire Face - Mieux vivre le handicap","Admin",NULL,"Une formation gratuite en ligne pour agir sur sa santé mentale et mieux la comprendre&nbsp;&nbsp;Faire Face - Mieux vivre le handicap","https://news.google.com/rss/articles/CBMiigFBVV95cUxOYUVhVkRnOEM3OUIxREdQU2h0MW12N0lRc1RZRHhqdm1nWTAyLV9rMFNzQWdNMjhDTTZ0X0REcGRIZVhNcWZndDR4bFk4b3ZycjJ1YnJPbW5QbnN1NlpZY25qZWEtT3htV3BSMzBwUHZEc1FoX3Z3R3ZNaHpiQjFZdk1XTG1FQzgxT1E?oc=5","2025-06-14 09:55:57","2025-06-14 09:55:57"
"47","Want to Start Weight Lifting? These Books Can Help.","Danielle Friedman",NULL,"Three new titles explore the power of women building muscle.","https://www.nytimes.com/2025/06/12/well/move/strength-training-books.html","2025-06-14 09:55:57","2025-06-14 09:55:57"
"48","In Some Ozempic Households, the Weight Loss is Contagious","Jackie Snow","https://static01.nyt.com/images/2025/06/11/multimedia/11WELL-OZEMPIC-RIPPLE-EFFECTS2-zjvh/11WELL-OZEMPIC-RIPPLE-EFFECTS2-zjvh-mediumSquareAt3X.jpg","Patients taking the drugs are finding their families are benefiting, too.","https://www.nytimes.com/2025/06/12/well/ozempic-weight-loss-family.html","2025-06-14 09:55:57","2025-06-14 09:55:57"
"49","Stark ansteckend: Nimbus-Variante aus Asien – Ärzte in NRW erwarten neue Corona-Welle","Antje Höning","https://rp-online.de/imgs/32/2/3/3/2/2/4/2/8/3/tok_d162b8374d638da184014000b0abd84e/w950_h950_x1024_y682_DPA_dpa_urn_newsml_dpa.com_20090101_250527-911-010396-v2-s2048-5dcb0b2900e33655.jpeg","In NRW sind die Hausarztpraxen voll. Erkältungswellen und eine mögliche Corona-Rückkehr erhöhen den Druck. Mediziner rechnen damit, dass eine neue Virusvariante aus Asien sich auch hier verbreitet. Auch Atemwegsinfektionen und Halsschmerzen gehen um.","https://rp-online.de/nrw/panorama/corona-variante-nimbus-stark-ansteckend-aerzte-in-nrw-erwarten-infektionswellen_aid-128540067","2025-06-14 09:55:57","2025-06-14 09:55:57"
"50","Santé. Défenses immunitaires : pourquoi sont-elles affaiblies par le stress ? - Le Republicain Lorrain","Admin",NULL,"Santé. Défenses immunitaires : pourquoi sont-elles affaiblies par le stress ?&nbsp;&nbsp;Le Republicain Lorrain","https://news.google.com/rss/articles/CBMixgFBVV95cUxOUkYwaW5hODQtU203VEZqdXhOWjV2MEdlRHdIZHB4ckxEWUJDeXQ0aHNfbXBmeGNBMFpEYTlPeDlZaFhvQ1B3MEZuU1ZqeGhBNTA5MzJTMjQ3a1YwRWVXUVFpc3U4cENKd19xWWtGbThBclZyQkhOWFdSWDR0UmFfRGRVT2RkcXktR0NlcFdkNkY5SEJvaVFTOUVmcUR3eW4xT2xNZnpaQ0dKRXRCb05MX0hONFZ1Qm5fSDRmS21BekxkUGVRNUE?oc=5","2025-06-14 09:55:57","2025-06-14 09:55:57"
"51","Gentherapie gegen Alzheimer schont das Hirn - Pressetext","Admin",NULL,"Gentherapie gegen Alzheimer schont das Hirn&nbsp;&nbsp;Pressetext","https://news.google.com/rss/articles/CBMihwFBVV95cUxOYWJ1SllXTTZ1Rlo2S0YzQkc5SEkycnBOeGdCU1ZhQzE3TUsxZ00zdjlTdG9nMW13VEhwMlE0SlZ5VlY3Q0JhclFlNVdHRV82RUM3YVg1Ui02cS1Oa3ZOSEVlOERtZnRGOGtsRWdBWjl0TmY4QXV5NFVnWGdnQ2lpck9CblBIdkU?oc=5","2025-06-14 09:55:57","2025-06-14 09:55:57"
"52","What you need to know about Nimbus, the new COVID-19 variant - Asia News Network","Admin",NULL,"What you need to know about Nimbus, the new COVID-19 variant&nbsp;&nbsp;Asia News Network""Razor blade throat"": The ""Nimbus"" COVID variant sparks concern of summer surge&nbsp;&nbsp;Salon.comWHO Monitors New Covid Variant Spreading in America and Europe&nbsp;&nbsp;WIREDNew COVID variant linked to painful ‘razor blade throat’ symptom&nbsp;&nbsp;San Francisco ChronicleWhat to know about the new ‘Nimbus’ COVID variant&nbsp;&nbsp;The Hill","https://news.google.com/rss/articles/CBMijgFBVV95cUxPUkVubDJBU0pFNjF3aVVpSGljc09va0ltczZRbVVuWmVUU2NHcEdMVXpBRlp6RU5GNURxanY4S1g4ZnNPcjh1VU1lQzFoSmhhVFEteUlSTnBXZmpGRXpWcE1NYk04cy1pM2E5OW90Sk41M2Z6VE5rOGxqQ21RUzFaeU1sa2JPQ2VPeVdkM2h3?oc=5","2025-06-14 09:55:57","2025-06-14 09:55:57"
"53","What RFK Jr.’s ACIP Shakeup Could Mean for Vaccines","Dani Blum","https://static01.nyt.com/images/2025/06/11/multimedia/WELL-ACIP-EXPLAINER1-kvtg/WELL-ACIP-EXPLAINER1-kvtg-mediumSquareAt3X.jpg","Robert F. Kennedy Jr.’s overhaul of an influential committee, including the appointment of new members, has created concern about vaccine access.","https://www.nytimes.com/2025/06/11/well/vaccines-cdc-rfk-jr.html","2025-06-14 09:55:57","2025-06-14 09:55:57"
"54","Dr. Roach: Understanding how PSA tests and DREs help to identify cancer - The Detroit News","Admin",NULL,"Dr. Roach: Understanding how PSA tests and DREs help to identify cancer&nbsp;&nbsp;The Detroit NewsCanterbury man busts prostate cancer testing myths&nbsp;&nbsp;BBCDear Doctor: Do PSA tests produce false positives that lead to unnecessary procedures?&nbsp;&nbsp;OregonLive.comGPs urged to 'wait for evidence' as urologists back scrapping digital rectal exams&nbsp;&nbsp;GPonline'You don't need a finger exam to test for prostate cancer' - North East men told&nbsp;&nbsp;Yahoo","https://news.google.com/rss/articles/CBMi1gFBVV95cUxPYUFBUmoxSkxwM3JHcHN6RHFWU2xYeUg5ZElQUndUdUk0WUZ3R2NLT3hMV19sOUZYWWYxQm9MYnZHWUVPQVBLNmZldW9wT1RNNmpjZlpOMzVrd0VMcl9oeFZXSWFucVB4cVUxd0VZWnllX0x6SnIydmFWMS14WlI4ZGdOLWQ2MDRkb0c3TDJuT01mUndXajNZZEc5WEp0SGNCQ3hYLUhhYUZ6dGZzTzlHZW1kaVFUdUJQejFvYzc3bElydkZZUEFoODFNVFRQaGxEWjUzSm9n?oc=5","2025-06-14 09:55:57","2025-06-14 09:55:57"
"55","Lúcia Helena: Menopausa: 9 coisas que precisamos entender sobre as ondas de calor - UOL","Admin",NULL,"Lúcia Helena: Menopausa: 9 coisas que precisamos entender sobre as ondas de calor&nbsp;&nbsp;UOLVer cobertura completa no Google Notícias","https://news.google.com/rss/articles/CBMizgFBVV95cUxPQVItRmdONlBQZ2J5dlVQXzZwZ3V3QTFDSGR1R0ZLdFcxLVowdEtydnlYc19oV3JjeUJ4NVEzelVkYTRubUNsYTFFV2NyRXp5cXI5SFh4bDFBcDN0Um0yR0RVNE5PZVU0V1huYWtjTlY5NkhNTnp4b2l3TEZMVnpadVVNd3dEUGR5TnFpOVdPQ3NCX3Q1YjNoV3hIcHEwNUtxT0I0bmRCdnZfY2VmR2wxLU1NZERlWDAyQWJ5TTR1bmxhQV9WNVYySC1yNjBoQQ?oc=5","2025-06-14 09:55:57","2025-06-14 09:55:57"
"56","Champignons parasites : entretien avec Audrey Dussutour - Radio France","Admin",NULL,"Champignons parasites : entretien avec Audrey Dussutour&nbsp;&nbsp;Radio FranceAfficher la couverture complète sur Google Actualités","https://news.google.com/rss/articles/CBMi3wFBVV95cUxOdUQtLWo2aUxLX2NBTEhXNmwyc1Bacno5UWxZRDAteDl1d1M2Z3NyalZVZ1lGakVIa3Zuanp3aHlyc1c3RFRfLXd1OWFvWHNFUTBPMkJFMGlzRzJpT3VxNF8yQ29TX0pPLWM4Tjhrb0xyZ090OVVGa280VHpaNjVDVFFKaTQ2U1N1aUhUVTF3cjFubmRUMjV2ZjVTR2FxZVBxSnowUlRRUXczdmVIN2Qyc2dGaTRJZzJwa1dRUVhxSVgyWkQzeXZVTXR1Ry1NX0xPZ2JLZ09tWHFGUjhMZ1Rr?oc=5","2025-06-14 09:55:57","2025-06-14 09:55:57"
"57","Santé. Mélanome et carcinome : les bons réflexes pour éviter un second cancer cutané - Le Progrès","Admin",NULL,"Santé. Mélanome et carcinome : les bons réflexes pour éviter un second cancer cutané&nbsp;&nbsp;Le ProgrèsCancer de la peau : les premiers signes à observer&nbsp;&nbsp;Radio-CanadaCancer de la peau : cinq mythes auxquels il faut cesser de croire&nbsp;&nbsp;MétéoMédiaÉducation aux médias cette semaine à Quimper : apprendre à ne pas être ""dupe""&nbsp;&nbsp;francebleu.frSensibilisation, journées de prévention : le programme de Juin jaune&nbsp;&nbsp;L'Est Républicain","https://news.google.com/rss/articles/CBMixAFBVV95cUxQWDlZaVpLU3pHVkI4a05GY3VtVVhBRzNqMDhDRUNPZTdiWXd6cklFOUxRRkJvcDh3RWtfY1VIRmp0RGZIanNDRFVlVm0xcS0zaDdsRzFCa015UHc4dU5seERoOG9WS2NxM3dwTm1rUDBNSzhsMHM3ZEhnai1ZWV9zTnBCeHY2Vmp6aUN0LVNHeXlTLVB1eFF6QWdBM1g0SHpGam41Ykk0MG9RamFLd2ZRWnI0cnRYVlhDdndvTjlEVjRMRi1r?oc=5","2025-06-14 09:55:57","2025-06-14 09:55:57"
"58","Santé. L’eczéma : une maladie qui pèse sur la santé mentale - Le Dauphiné Libéré","Admin",NULL,"Santé. L’eczéma : une maladie qui pèse sur la santé mentale&nbsp;&nbsp;Le Dauphiné LibéréEczéma atopique chez l'enfant : l’importance de prévenir l’impact psychologique à l'âge adulte&nbsp;&nbsp;Yahoo Life FranceEczéma chronique des mains : une maladie qui impacte la qualité de vie&nbsp;&nbsp;Pourquoi DocteurQuand la peau souffre, l'esprit aussi : un événement pour réconcilier dermatologie et santé mentale&nbsp;&nbsp;Psychologies.com""Mon corps me brûle, mais c’est dans la tête qu’il fait le plus mal"" : comment vivre avec un eczéma sans sombrer&nbsp;&nbsp;Doctissimo...","https://news.google.com/rss/articles/CBMirAFBVV95cUxNU2h2VEJNNEJ1eTBOT3RkNVczU3JvUVFlWk15Yjd0TV9NTjFhXzd0cUtKdjZNblJLN3Y5VExqNFpJOUtVRmxjT043MFNSSFBrY0pHM1NGS2lDN2tsMGhFWkRnQURhMmw3OXlNSHFEU3MtR2FKLVdlU3l4TC10bDJBd3kzbndKbWRoeDZMNVhpWXhZYU5GMzM2RFlsNW1sMmQyOGtIc0dSYWFqMF9n?oc=5","2025-06-14 09:55:57","2025-06-14 09:55:57"
"59","Un service de curiethérapie de renommée internationale - Portail Santé Montérégie","Admin",NULL,"Un service de curiethérapie de renommée internationale&nbsp;&nbsp;Portail Santé Montérégie","https://news.google.com/rss/articles/CBMiqAFBVV95cUxQNlF3ZktWYUY0emRiRWdZTGc2UWk3S3Y1enMtbUlRRjdIcWdwVzI4djBtM2RoTFEyN2Y4M3RnU3czYjBWbzRZVTlzMHpPN1paQ2ZRZnY2cWVyZ3pyRnJrMGlSVHp3SkFsX1NJczdpSUtsZXJzYlRqWUtpSWt2QlhOVUs4OXBXZms1c21SQ0N2RzQzSXRwUXp5ZUx5LUJKY2UwcXZZdi1rQnU?oc=5","2025-06-14 09:55:57","2025-06-14 09:55:57"
"60","Ensemble, faisons avancer la recherche sur la maladie d’Alzheimer et les maladies apparentées - France Alzheimer","Admin",NULL,"Ensemble, faisons avancer la recherche sur la maladie d’Alzheimer et les maladies apparentées&nbsp;&nbsp;France Alzheimer","https://news.google.com/rss/articles/CBMiwgFBVV95cUxQQi1PQU1Zd2xLcC14eDFPTFp4cTVGN3lmeU1zNWY5eWNGZXdkRjBCaTFfMndPTXFhZUUwUGhZNU44Mk0xSERfR0dycVBYcmpRTUl2aXJhS0JNT2ZHZ2t0Yi1Wd090dDhIamhiX0J3Z0g0RnZYaExLY256OVNUVEI1a25sQzNtSVpxQWJieDJVR0M2MGg3RlhpMWNIcWtFcDU0WDFlVGhJSXJIWEQ1OExiMEtwRmozbkprQTNfR3lHbDMtUQ?oc=5","2025-06-14 09:55:57","2025-06-14 09:55:57"
"61","PL 67 : le projet de règlement publié dans la Gazette pour consultation publique - Ordre des pharmaciens du Québec","Admin",NULL,"PL 67 : le projet de règlement publié dans la Gazette pour consultation publique&nbsp;&nbsp;Ordre des pharmaciens du Québec","https://news.google.com/rss/articles/CBMirgFBVV95cUxNb0NFd1dfX0lYektVbWhjTFhNWlAteFY3NnFlSDUyU05RczZUZ2VfdkRWWnN0cUhoTlV4VkdmV21YNDdNYVRVSTNzTXdTcXF1Rm1lZDZUbjRTeGlwSkd1M3hvV0dGeWUtVVppeGRqdDh2ei1oYkZ3OEVwMUZyS2h4N0FnMUxDSDhxbkgxNEZCZjNlWk5GUUxSa3MyLTRIZWJnTXZWOUdXREl1SHZTTUE?oc=5","2025-06-14 09:55:57","2025-06-14 09:55:57"
"62","Unterschätzter Faktor: Erhöhtes Demenz-Risiko nach Trauma in der Kindheit - Fuldaer Zeitung","Admin",NULL,"Unterschätzter Faktor: Erhöhtes Demenz-Risiko nach Trauma in der Kindheit&nbsp;&nbsp;Fuldaer ZeitungMehr zum Thema ansehen in Google News","https://news.google.com/rss/articles/CBMi2AFBVV95cUxQMzhoRE8tdTUxdWR5ZDNva0hlM2xmNHF3NjVMSFhaZGpGbmo5RE15dUt5QzdsWDRoSS1RNkNFbGl3SnFYZVVvdFM4N0YwOTN6cVZUZUtfRHVOQzBldk9KVlp4MTNrLWUtM2kwclhEMEhKTE9ySDdsYl9CS3EwWUgzMGpZbmtvLTlLZVMxWUxfa0Jrc3ZUajdoTXVYYm1ZZ2JhdW9haTBiUEozQXVKTXUzRTI4R09vNGRRZkl2c01zc3M5YXlVTzVNZTRFTFJPa01FQmpsR21FcTQ?oc=5","2025-06-14 09:55:57","2025-06-14 09:55:57"
"63","Doença ultrarrara e progressiva: criança precisa de remédio de R$ 18 mi - UOL","Admin",NULL,"Doença ultrarrara e progressiva: criança precisa de remédio de R$ 18 mi&nbsp;&nbsp;UOL","https://news.google.com/rss/articles/CBMiwwFBVV95cUxQOHVBX1NPdF9BbDlmMWNhY1E0em9lRkZmbm5fbTY5ZnNtbWhOLXR4TXFISjlGaUZFSW0tSW1saEhfaWNnb0w0dnFFdWxOZ1N3cVd6c1hzMjQ3MXg4RGIyMWliejdWWHJVRnU4WjlnNE1WTHdtcklOY3hTNTRJQ0hGTVp2VGZoS3lSTnBCUmFUYk5aTzdlU2pSZ1lCOU1XOVBpdlA1aThVd2QwbWZrVWczWDJmcGlnSGpHWHpQQTJEZktobzg?oc=5","2025-06-14 09:55:57","2025-06-14 09:55:57"
"64","Parkinson : un patch révolutionnaire pour détecter la maladie via la sueur en temps réel - webmanagercenter","Admin",NULL,"Parkinson : un patch révolutionnaire pour détecter la maladie via la sueur en temps réel&nbsp;&nbsp;webmanagercenterDétecter le Parkinson plus vite pour mieux le soigner&nbsp;&nbsp;La PresseUn stylo intelligent détecte avec précision les personnes atteintes de la maladie de Parkinson&nbsp;&nbsp;Vietnam.vnEcrire avec ce stylo révolutionnaire permet de détecter la maladie de Parkinson bien avant les premiers symptômes visibles&nbsp;&nbsp;Yahoo ActualitésCe stylo serait très efficace pour diagnostiquer la maladie de Parkinson, comment ça marche&nbsp;&nbsp;Femme Actuelle","https://news.google.com/rss/articles/CBMi1AFBVV95cUxObkpMVVZxQ2FKcnpnY3J2UXpCM3htaVJsZHBoSEp4T0MzZzJUYU9CaDZCbXRqdVNpb0luZHVqSTRaaU55WHF3SmdXY1BSbFZSZThUV3E1ZUxyOUlvbUpwRlhqcWFTczRUMWtPYmVxWWRGd1RGa0xYOXVkclE2N1h4QlR1TlBKTWpBdGVBV1FlaWY0YnI0YVdhWDZXb0ctNHdIU0tMQmQ0YzJmUGZvOWtjU2hnWVgybFpkTk92LXc1MnktTS05c3JFLVdDVFVzSllSLXVJOQ?oc=5","2025-06-14 09:55:58","2025-06-14 09:55:58"
"65","Do You Need to Be Worried About Mold in Your Air-Conditioner?","Maggie Astor","https://static01.nyt.com/images/2025/06/07/multimedia/WELL-AC-MOLD1-wtml/WELL-AC-MOLD1-wtml-mediumSquareAt3X.jpg","They all have the potential for moldiness. Here’s how to protect yourself.","https://www.nytimes.com/2025/06/11/well/mold-air-conditioner.html","2025-06-14 09:55:58","2025-06-14 09:55:58"
"66","Les centromères, acteurs inattendus de l’immunité - La Gazette du LABORATOIRE","Admin",NULL,"Les centromères, acteurs inattendus de l’immunité&nbsp;&nbsp;La Gazette du LABORATOIRE","https://news.google.com/rss/articles/CBMickFVX3lxTE1rWm9PNjhJV2x2Yk1NS1lUTW5yT0x1YjMzanprVWNqakdtTk1zVk1id05iNktvWGN2dndaZjBweXViQlFwRVRacF9aLTdEWmVVSnBuMnQxek1acU1kY0UxZmxJWG5IRWt2TTg5TFNxZXF4Zw?oc=5","2025-06-14 09:55:58","2025-06-14 09:55:58"
"67","Menstrual tracking app users cautioned about risks","Admin","https://ichef.bbci.co.uk/ace/standard/240/cpsprodpb/9acb/live/fa7ae560-45e9-11f0-b439-cf6fd1574621.jpg","Women deserve better than to have their menstrual data treated as consumer data, say researchers.","https://www.bbc.com/news/articles/cgj8eq01vdxo","2025-06-14 09:55:58","2025-06-14 09:55:58"
"68","Le délai de prise en charge d'un AVC ischémique serait de 105 minutes - Caducée.net","Admin",NULL,"Le délai de prise en charge d'un AVC ischémique serait de 105 minutes&nbsp;&nbsp;Caducée.net","https://news.google.com/rss/articles/CBMiwAFBVV95cUxQakFsRzdDZndjVHRxYTkyNnZ5YVBBckpGMHY0aENXR0VTV2NlQngzQU83M0J4Z1lCVEVIX3lEUDUtSUo4SjF5cnJpYmVnaDZpSTlObHEtcU01R05xSGs3cjNkUHZMUkRqbEt6aV92ckRRazl0NE9XU05ZUHpDTGRhREJtaTRjUlEyc1oxRVlzY3lsdXBwRmxvR0dLa3JrcjdyaW1LZGp5R0JRZ3FNcldNV0dhSEt3cVNOQkFKWloxUnM?oc=5","2025-06-14 09:55:58","2025-06-14 09:55:58"
"69","硒缺乏与T-2毒素协同作用通过p38 MAPK/NF-κB/IL-6通路加重大鼠脾脏炎症损伤的机制研究 - 生物通","Admin",NULL,"硒缺乏与T-2毒素协同作用通过p38 MAPK/NF-κB/IL-6通路加重大鼠脾脏炎症损伤的机制研究&nbsp;&nbsp;生物通","https://news.google.com/rss/articles/CBMia0FVX3lxTE1reTd3WmZlWGNpSS1zUHpOaHYzU2R6VFNMNDQtV2R6YjJNZzNJU2VHaDhBR0FaT2pJbVFBekdRRGZGSW5JRkw5dEJHSUtnc3JuUXFjVEpBZVpUazQ1NjFIUURERFVjWF82S3dF?oc=5","2025-06-14 09:55:58","2025-06-14 09:55:58"
"70","Anxious cats prone to recurring cystitis - UdeMNouvelles","Admin",NULL,"Anxious cats prone to recurring cystitis&nbsp;&nbsp;UdeMNouvelles","https://news.google.com/rss/articles/CBMimgFBVV95cUxOZVMzcTk2RWYxMk1MNWdkYzAtWGlNaDBWbEdLZ2hPSThzM3ZfNG5XMXdWQ25LLWtuU3piem1ZR0ZBd0Y2Uzl1UWd0cVFpUmtQNl82Z1NwNmM4NlZaSjNjX0dBTkYyNWpuNzdIRHFLdHFvTmt0ZzgxOVJXQUpYenBhWGRrbXFZV25LTW5LTW5CcmVvQ01nY1JvWmdR?oc=5","2025-06-14 09:55:58","2025-06-14 09:55:58"
"71","Sea cucumbers could hold key to stopping cancer spread - EurekAlert!","Admin",NULL,"Sea cucumbers could hold key to stopping cancer spread&nbsp;&nbsp;EurekAlert!","https://news.google.com/rss/articles/CBMiW0FVX3lxTE9GeGVsYUlUOEFFVlZZVEtudHhYWkp2a1ZvTnpWbDN3eEhmMUxXVlB3d0lfZE8xSmFNZm5EdUNTRWJzZHFWRzktVTBtVUZQc0dFNThzMGl4SmNlZXM?oc=5","2025-06-14 09:55:58","2025-06-14 09:55:58"
"72","Here’s why exercise is so important if you’re a cancer survivor - The Washington Post","Admin",NULL,"Here’s why exercise is so important if you’re a cancer survivor&nbsp;&nbsp;The Washington PostExercise Extends Life for People With Cancer, Study Shows&nbsp;&nbsp;The New York TimesExercise ‘better than drugs’ to stop cancer returning after treatment, trial finds&nbsp;&nbsp;The GuardianMore studies show diet and nutrition are important in fighting cancer&nbsp;&nbsp;WTOPExercise may benefit colon cancer patients as much as some drugs&nbsp;&nbsp;NBC News","https://news.google.com/rss/articles/CBMiggFBVV95cUxOTlMyRDRKNWJkRG9ZOHNkazFNSTZ6LVBjS3VNVS1WWGs0OEZPUHdyYm9Xc0QxeVotd0hlOXBnbUV0WElQQXdKb0U0OEdhTlJpczFlVnUxUjJsaWItemtBcDV1MVBPZU8yNGNoUjRDMG1ucmxyVENFYjg3NFppRmgxWmVR?oc=5","2025-06-14 09:55:58","2025-06-14 09:55:58"
"73","These glowing axolotls may hold the secret to human limb regeneration - The Washington Post","Admin",NULL,"These glowing axolotls may hold the secret to human limb regeneration&nbsp;&nbsp;The Washington PostRetinoic acid breakdown is required for proximodistal positional identity during axolotl limb regeneration&nbsp;&nbsp;NatureScientists are solving the mystery of how axolotls regrow limbs&nbsp;&nbsp;National GeographicA chemical in acne medicine can help regenerate limbs&nbsp;&nbsp;Popular ScienceHow do axolotls regenerate limbs and organs? This researcher has started to uncover the secret&nbsp;&nbsp;Northeastern Global News","https://news.google.com/rss/articles/CBMikgFBVV95cUxQbW1XU01DbUhUaHM5SVFmd0VLVkRuZFN3UWVkdE5BSmNmNjRxdllCN1ptY0NlLWMzb1A5Wl9qcTFtN0lrVElfbW9rc21XQWlWVVZxcXBjX3ByRGt3MlFyNE1XbUJOeVVNd0VHNVpRQlVkS1d2U2czUElkZEw0OWhNdDBvYk1wT3FpVGhqQ3pqZkV6UQ?oc=5","2025-06-14 09:55:58","2025-06-14 09:55:58"
"74","Vaskulären Demenz: Wie diese 3 Faktoren das Risiko erhöhen - Medscape","Admin",NULL,"Vaskulären Demenz: Wie diese 3 Faktoren das Risiko erhöhen&nbsp;&nbsp;Medscape","https://news.google.com/rss/articles/CBMiYEFVX3lxTFBfRUNFUUtHaThNQXdhWE1IaDRLTVN3Mi1WX2ZpVThCRVhwbzUxa0FQT2ktckdQZG05UlpjVnM0UXNuRGZJSFdyYnZKNGtoaHFSLWlKOHJ5THdBZV9XMmZFNQ?oc=5","2025-06-14 09:55:58","2025-06-14 09:55:58"
"75","'There was nothing hopeless about Alice' - family on fight for truth","Admin","https://ichef.bbci.co.uk/ace/standard/240/cpsprodpb/d41f/live/305f3440-45dd-11f0-b6e6-4ddb91039da1.jpg","The family of a woman who died in mental health care speak about their fight to hold staff accountable.","https://www.bbc.com/news/videos/cx2jz70gd42o","2025-06-14 09:55:58","2025-06-14 09:55:58"
"76","Le Répertoire national de l’Offre et des Ressources en santé et accompagnement médico-social (ROR) national : un déploiement des usages qui s’accélère - Portail e-santé","Admin",NULL,"Le Répertoire national de l’Offre et des Ressources en santé et accompagnement médico-social (ROR) national : un déploiement des usages qui s’accélère&nbsp;&nbsp;Portail e-santé","https://news.google.com/rss/articles/CBMilAFBVV95cUxQV2xRakpDSG1HRDdXQW9JZWxINDVBN0pCdXNqcWpnTXBUcm1FZGJfWGhsa0NSUFdBNWxuWDlxZDRoSElBbnlSelZ2WFozR2FCdVFrUVlPbEh3WER1VEdhMndtNlhDZWNvY2UzQl9Yd1NGUzJhQjNINkc5bnM5TUJobGItTlBaSDg1UnMyS2VtOW5TazRl?oc=5","2025-06-14 09:55:58","2025-06-14 09:55:58"
"77","How to Improve Executive Functioning","Christina Caron",NULL,"Conditions like A.D.H.D. and autism can make starting and completing tasks feel impossible, but experts say there are workarounds.","https://www.nytimes.com/2025/06/10/well/mind/executive-function-tips.html","2025-06-14 09:55:58","2025-06-14 09:55:58"
"78","How Can I Avoid Swimmer’s Ear?","Cameron Walker","https://static01.nyt.com/images/2025/06/10/multimedia/10WELL-ASK-SWIMMERS-EAR1-cpgz/10WELL-ASK-SWIMMERS-EAR1-cpgz-mediumSquareAt3X.jpg","This painful, itchy infection can dampen summer fun. Here’s how to avoid getting it.","https://www.nytimes.com/2025/06/10/well/move/swimmers-ear-infection-advice.html","2025-06-14 09:55:58","2025-06-14 09:55:58"
"79","Quiz: How Much Do You Know About Fiber?","Alice Callahan","https://static01.nyt.com/images/2025/06/10/well/10WELL-FIBER-QUIZ_topart/10WELL-FIBER-QUIZ_topart-mediumSquareAt3X-v19.jpg","Test your knowledge with our quiz.","https://www.nytimes.com/2025/06/10/well/eat/health-benefits-fiber-quiz.html","2025-06-14 09:55:58","2025-06-14 09:55:58"
"80","Neuer Ansatzpunkt für Entwicklung gezielter Immuntherapien entdeckt - MedUni Wien","Admin",NULL,"Neuer Ansatzpunkt für Entwicklung gezielter Immuntherapien entdeckt&nbsp;&nbsp;MedUni Wien","https://news.google.com/rss/articles/CBMi1wFBVV95cUxOVzJGYmpMYy13bE1Qa2k4Z1J3cnhLUEVfUVJwU3Noam1PbHVPdmh5eVVYNy1zSHdWVGVaUThpcDRDYTdfYUFvWEh5d2gwVlRyUUlRS0J2QXdBOEcyaVZDVjlhMHhuZzk4NThCMDZvQmNocjU3Vk1SeVh0QzA3MDY0QnhUNHJwMDRZSU43RUtlZGJIU1ZOemdJcG5kT0g5dTNzTXJuVEpaT2ZrY2F0SkVYN0psSGdJWE5qVzctbGJ2NjJpaUNxMEF5ZElZbU5fZm5LTW8tUjUyRQ?oc=5","2025-06-14 09:55:58","2025-06-14 09:55:58"
"81","Zonas Azuis: pessoas realmente vivem mais nesses locais? Entenda - CNN Brasil","Admin",NULL,"Zonas Azuis: pessoas realmente vivem mais nesses locais? Entenda&nbsp;&nbsp;CNN Brasil","https://news.google.com/rss/articles/CBMinwFBVV95cUxPdWwxa0lESXI4ZFBUanEyamVrSUx4ci1SUUlFOFBUbFVMR1FfS1Vpa0M5NzJiWXRlR0VpOG1ta1dHaGpvNUtpTUdRS1pPNlZGOHAwRk05VmdJb1l2TVRmWURVbXdLVjF2UkVIYV9xLURtSFlXaVFkeVVVNDRyR2QwSFNQcXVEZndqRE9CLVNCRFpMREx5WFpNVk9aQ0kwaWs?oc=5","2025-06-14 09:55:58","2025-06-14 09:55:58"
"82","Autism Programs 19 and Younger - Lloydminster, Battlefords, Meadow Lake - SaskHealthAuthority","Admin",NULL,"Autism Programs 19 and Younger - Lloydminster, Battlefords, Meadow Lake&nbsp;&nbsp;SaskHealthAuthority","https://news.google.com/rss/articles/CBMivgJBVV95cUxNYmE4cjl3UVFFZ292R2xDaWU1ZDA3WU1PUXNvQ01Rb1MzU0lZMjY3c0k1Tlhpal9sN2I2cS1yck9rcEtJdnRJU2ZhRzZveDlndVBvQWFPMkFscFdtWEpmZWxLRGRnUDdjSGR6WnFUTFFWM3YyTVZ0MENMMjZnb0hTM3N3QW1VWXJpWUpxbmdmYzdEcVRqQjVpZURRRVpxQ0N1bHRtUWJHTnhNdG5WRGM2ZHVfYVRvTkstaU1IUzNRWC1EdjhaeHAyelc0bjlWQlR2RGJIMnV5UWM5ZnJjQ2VaYkFUWmVTZWN3NmMzU3FjNXpQWldtZ0FCS1MtRGI1T0Noa19uX19TcWdQckhpa1o1MjgyVjhhSUw2a0NZS216anlZR0h1d2lCT2pHUzkxeWlJSUx3S1hzZ3lBU1pSb1E?oc=5","2025-06-14 09:55:58","2025-06-14 09:55:58"
"83","‘Vicious cycle’: Why you shouldn’t let your toddler use your phone - Herald Sun","Admin",NULL,"‘Vicious cycle’: Why you shouldn’t let your toddler use your phone&nbsp;&nbsp;Herald SunMore than addiction: How screens and social media reshape our minds&nbsp;&nbsp;YnetnewsPsychologists Tracked 292,000 Kids' Screen Time—What They Found Is Alarming&nbsp;&nbsp;NewsweekScreen Time and Emotional Issues: Vicious Cycle?&nbsp;&nbsp;Mirage NewsProactive parenting around digital devices is a win-win for mental health.&nbsp;&nbsp;Psychology Today","https://news.google.com/rss/articles/CBMimAJBVV95cUxNMWVlUDE5VWxLVEM3RldFWlluTkpZb1F0LUpiUlFPajk0N21oV0FVTmMweE9Rb0hCSGpIOWVVLWd2UjhIeWF0Rmp4NzB0WExZVkY3UFNDQ3o0ZklfVzZ2YTFxVmJkOHpqZDllOF9ZeklyN3YzN1BUNVl6d281MXdSUVNsRUdpY0JXS3RlV3lRMWJjMUxyNElvY1BkbFFTcDJqUEpIWF84SWxFdkk2MmZackowVGJHdXMtODIzSnF0cG1oM3IwOVpWU1doME9yVmowMVpxUFBJb1dGektZdUViS0xGZzNrZnZhNlFMN3ZWbFZLSHdrNzNJd0lBV200YVRCLVAwTlVpdjFxd0hVelJyLTJNQ3J3RVNO0gGeAkFVX3lxTE1MZ3gyLXpKUTg1R1daNzU1ejI0WnU1OHRfZXZ2TDdSQVVXa2pnVU1ab2dYNk1BdkpiTVhYQ1J1M19ITTVyYmtBVXBlTjBkdTRGcFAta3d4VGVIdzRKQUpmUHd5bGhwb3k3YmpPVXVJZWpJektmX0FVS1JYMVRSR0tIazRRLWtpdUlPcFcxSFpQanZYWnJmTFE4bGxHOXdweFp0aEN6U0pLSkZvN29kSzBtMlV1UTZxeGRSSzhla1lITGd2alBkVkpwV2tua3VCSnlmWlhhelpPLXgzRWdOYXlFZkRkNHFQQXpuU1Jkak5YeU9WZ1B5cE55ZzZIZW1DRTN6eVp3ejNvQ01NcGZSZG11OXI1dHJVMXBDUzhGa0E?oc=5","2025-06-14 09:55:58","2025-06-14 09:55:58"
"84","Rare Appendix Cancers Are Increasing Among Millennials and Gen X","Nina Agrawal","https://static01.nyt.com/images/2025/06/09/well/09-WELL-APPENDIX-CANCER2/09-WELL-APPENDIX-CANCER2-mediumSquareAt3X.jpg","The findings, from a new study, come at a time of growing concern about the earlier onset of several cancers.","https://www.nytimes.com/2025/06/09/well/appendix-cancer-age.html","2025-06-14 09:55:58","2025-06-14 09:55:58"
"85","This group is the most vulnerable to heat-related illnesses by far - The Washington Post","Admin",NULL,"This group is the most vulnerable to heat-related illnesses by far&nbsp;&nbsp;The Washington Post","https://news.google.com/rss/articles/CBMimgFBVV95cUxQdG9Fb3BESEdZTFJneUlIU21yZ2ZSTFR5WUxENTFpRU5Ka0ROWEhUOWpXMzk0WVFaRTluV2cxcFcxRWUyczBrMjFYVTBMVEljWnM5NWdqNmRWZTQ1d0ZRdHlhQnFMdzBLWDV0dnk1U1JXVm42WndGcjVQOTZuY1Q0NS14SnFEV294VHR4bzF1YTBfaXNrNVFXeXJ3?oc=5","2025-06-14 09:55:58","2025-06-14 09:55:58"
"86","Poor appetite? What that can mean and how to get hungry again - The Washington Post","Admin",NULL,"Poor appetite? What that can mean and how to get hungry again&nbsp;&nbsp;The Washington Post","https://news.google.com/rss/articles/CBMilwFBVV95cUxNME1JLW5zU1BYb19DNVJpTHlIZHNvWHdDY2lmakdtRDFIOTcwUk9xNUEycjNQWkV6NUgzNktMdWZyN2k4aWV5Znc4WVZITHAyYlJkbWZ5dUdXVHJjNmtXZDJhalJBM1RaeVc3TENMN2NEYm5RTUNQaV9GYU0xd3lEd2tqQklkeUhTNkpfVjFZMFlVdENvWHJF?oc=5","2025-06-14 09:55:58","2025-06-14 09:55:58"
"87","Martha doctor's failings 'particularly grave'","Admin","https://ichef.bbci.co.uk/ace/standard/240/cpsprodpb/7a36/live/ada74220-4552-11f0-835b-310c7b938e84.jpg","A medical tribunal has found a senior doctor's failings amounted to gross negligence and misconduct.","https://www.bbc.com/news/articles/cn9jnwvgenjo","2025-06-14 09:55:58","2025-06-14 09:55:58"
"88","Ozempic está associado a casos raros de distúrbio ocular grave, diz regulador europeu - UOL","Admin",NULL,"Ozempic está associado a casos raros de distúrbio ocular grave, diz regulador europeu&nbsp;&nbsp;UOL","https://news.google.com/rss/articles/CBMi4AFBVV95cUxQN2tkTnBCdHJMSWtJRjMwNU1iQVNQdFQxa3Npc05feWFCaGZMZ3hCS1kxNDVKX19fTEZuT296ZXVMQWY3YktfWWl6T2FuSnlHaUhuZjdzRkxhdjNaRy1KQ3dldEtlU0o5a2w4Q0ppU2hILWxoV1puXzRTZS1CNW1vN2VMUXQ1WnRCOVpZalJQRlBpeEtRZE1ncmtnUVVteUNIMGptYUpBem1oc3BFY3Z5alJzR1dac2RtWW02VEFSM0k5N1pHMlZQM21jYmxtMlRPODdsNzVTSU5BMUpUdURwaQ?oc=5","2025-06-14 09:55:58","2025-06-14 09:55:58"
"89","Une étude mondiale renforce l'intérêt de la prévention cardiovasculaire - Univadis","Admin",NULL,"Une étude mondiale renforce l'intérêt de la prévention cardiovasculaire&nbsp;&nbsp;Univadis","https://news.google.com/rss/articles/CBMi_AFBVV95cUxQdGkzNnIzU3NVX2ZkWkRsSVlVZVpsRDZLX0hxSmVKcm50amtGVzZpYmF2Q0dmVWdDQU5MVWJfUjVLeVV3LVFrZkJGMDdBa1dYVkV1MmxrTVZXaXRTbGVrTXlQcnExVTVHN29YXzQ5b1gtMW1aWWtqaFJuYVVaWWJkWkVzXzByOXdYMDMzNEJRUi1yTFdMSkFCdmZSY1VzOVIwZk14bXJWaHNDQ0VJSVJyRGlhRHZDOS12QWZuQTY2cnM2SW4wNUo3UDZhZXNDRVZjeWRpMDZqel9jTGpCeWZaeTVVTlVEdmpEVm1YSlhLTEhCWXZXNGVZdDVpS1k?oc=5","2025-06-14 09:55:58","2025-06-14 09:55:58"
"90","Experts Sound Alarm on Antifungal Resistance Crisis - Mirage News","Admin",NULL,"Experts Sound Alarm on Antifungal Resistance Crisis&nbsp;&nbsp;Mirage News","https://news.google.com/rss/articles/CBMihwFBVV95cUxQZ2Y4Wko2SUJvYVczT1dOaHVFTVNGQ1d6QnFXX3NpeGtQd0pRV2FqNEtMWk1nTVllQVNIaWdJSGVzOGNhdkxzNVlXNGtRTS1fUS1JbmYxSnByM2lXV1JxWDNNWnRDMjBmM0xxbTBHZWtPV2JxRmt6ZHhHX1JiWVR3a1JoeFRqMFU?oc=5","2025-06-14 09:55:58","2025-06-14 09:55:58"
"91","Herzstark essen: Was Sie jetzt öfter auf den Teller bringen sollten – laut Experten - CHIP","Admin",NULL,"Herzstark essen: Was Sie jetzt öfter auf den Teller bringen sollten – laut Experten&nbsp;&nbsp;CHIP","https://news.google.com/rss/articles/CBMivgFBVV95cUxPN1VxOHhpSkFaX011RVlyMjhFVnktQVRpUmUwODJjMTRWQUpLR0Qxb3FLWFVuN2JWTThvb2FvSUhGNEJNU21XSlhyVElqOG81R0pYLW4wWGY0U2V3Y29nTDU2MVFqZFhkR0dSaGJmRUg0QUdZWDM3R0l1XzVsazlCX0hqVzdsY3BEcXh1SW5YalBoVnFBVVNWMDQ5V284dk9TWUExS3VQcFNob2Zwc2lKaklpbkdEaTVfQ2o4QUd3?oc=5","2025-06-14 09:55:58","2025-06-14 09:55:58"
"92","Gun Deaths of Children Rose in States That Loosened Gun Laws, Study Finds","Roni Caryn Rabin","https://static01.nyt.com/images/2025/06/09/science/09guns-kids/09guns-kids-mediumSquareAt3X.jpg","Researchers looked at firearm fatalities in the 13 years immediately after the Supreme Court limited local governments’ ability to restrict gun ownership.","https://www.nytimes.com/2025/06/09/health/gun-deaths-children.html","2025-06-14 09:55:58","2025-06-14 09:55:58"
"93","Mothers report worse mental health in new report - The Washington Post","Admin",NULL,"Mothers report worse mental health in new report&nbsp;&nbsp;The Washington PostRecent study in JAMA Internal Medicine reveals significant decline in mothers' mental health&nbsp;&nbsp;Denver7","https://news.google.com/rss/articles/CBMikwFBVV95cUxONlpRbGpNOU44bEpWdFJrVlRKVkpsbVNxdkpBNDBhajEzLUJaZzAtMjFjakxrZ2ZWaVZ2NVVfTnBVa2pWd0xVV2NrSUw3bUZBTzFxdzl6c2VsRnNhdWpqN3VBNWZCbndxbmhJd29XdHlWLVhxRDE4aFJ4NFU5ZFliSk1wdW56bWtJb21KaUZHdVlPT3M?oc=5","2025-06-14 09:55:58","2025-06-14 09:55:58"
"94","'I'm going to outlive our child, there are no words'","Admin","https://ichef.bbci.co.uk/ace/standard/240/cpsprodpb/fd4f/live/fbdbc510-4511-11f0-bace-e1270fc31f5e.jpg","Jack is one of only 16 children in the world with a genetic condition so rare it doesn't have a name.","https://www.bbc.com/news/videos/cy4k552ee3xo","2025-06-14 09:55:58","2025-06-14 09:55:58"
"95","Do you need a magnesium supplement? Experts share symptoms of deficiency","Admin","https://a57.foxnews.com/static.foxnews.com/foxnews.com/content/uploads/2023/09/931/523/iStock-1215952284-1.jpg?ve=1&tl=1","Health experts explain magnesium&apos;s role in preventing disease, improving sleep, reducing anxiety and supporting bone health, with guidance on dietary sources and supplement options.","https://www.foxnews.com/health/do-you-need-magnesium-supplement-experts-share-symptoms-deficiency","2025-06-14 09:55:58","2025-06-14 09:55:58"
"96","Measles cases are surging globally. Should children be vaccinated earlier in Australia? - SBS Australia","Admin",NULL,"Measles cases are surging globally. Should children be vaccinated earlier in Australia?&nbsp;&nbsp;SBS AustraliaMeasles cases are surging globally. Should children be vaccinated earlier?&nbsp;&nbsp;The ConversationnewsGP - Researchers urge discussion on infant measles vaccine&nbsp;&nbsp;Royal Australian College of General Practitioners (RACGP)","https://news.google.com/rss/articles/CBMiywFBVV95cUxOQzVYNFN5SnowY3V6RDRjQTB4QklXUkR1NlpXY0FOeXpybG9hTmxkcEtLcUNlT291eXlybnppV3c3MVhGcE52U3FWU2JaaVZDTTNvQXFFTnJrNFlBbDNrSnE0cGV0N05zQ2RqYWZiVGhWcDFnQ2VGMFkzSVIzUUFBUkw3eVZsaDl2Z0Jndnc2dWF4V2ZFcURHTVZGTGp5RmtrYnpYbU1RYzhsUmVhenZLZ1lkYVowd2I3dkxUY1dRbHNtbUFpVk9oVHNwMA?oc=5","2025-06-14 09:55:58","2025-06-14 09:55:58"
"97","Vaccine reminder as illness surges - Melton & Moorabool | Star Weekly","Admin",NULL,"Vaccine reminder as illness surges&nbsp;&nbsp;Melton & Moorabool | Star WeeklyAustralians urged to address falling vaccination rates&nbsp;&nbsp;The Canberra TimesRespiratory infections soar in WA as Australian Medical Association urges people to get COVID & flu vaccines&nbsp;&nbsp;The West Australian","https://news.google.com/rss/articles/CBMiigFBVV95cUxNSXoyRXlTbU5RaWxBbGlGLUZjUm9CbmFab25TTFFTSmFIMVplRGpLYjRpVW5tUG01d3p4S0N4SWlCQ3A3Z1ZlV1dzV1hmMHFXd09XMV9vc2hLX2ZtcmhGYTVVY2NtUTlXZGRZYm5LdjFZZW5rZFBzLUdlcnBUQkctYXNPeEhkZWdCY2c?oc=5","2025-06-14 09:55:58","2025-06-14 09:55:58"
"98","Healthy lifestyle boosts metabolic health without weight loss: Study - tripuratimes.com","Admin",NULL,"Healthy lifestyle boosts metabolic health without weight loss: Study&nbsp;&nbsp;tripuratimes.comBathroom scales not showing any change? Stop before you call your weight loss a failure&nbsp;&nbsp;Hindustan TimesNot Losing Weight? Study Finds Healthy Diet May Still Bring Major Health Gains&nbsp;&nbsp;Medical DialoguesHealthy diets can improve health even without weight loss: Study | The study has been published in EJPC | Inshorts&nbsp;&nbsp;Inshorts3 New Studies Remind Us There’s More To Eating Well Than Just Weight Loss&nbsp;&nbsp;Forbes","https://news.google.com/rss/articles/CBMirwFBVV95cUxPNWpsZ04wczdWaWpVak9mVFU2d29TN1otV0RXS1dwUVNhY0JJd3hyZDg2X3NwdXAtcjNBYksxaFRDbkRLd0FqWUVIemhfRXhFQVJ1TzhIMjQzemhSUFJ0dnFoMk1KeXIzN2ljV3FveEl3QWFqWUtYekVINnp0bjBDUUZnYTA0c0NRM1lFZXdfTkVna1cwSWI4eUlJYzBrcVNmMk45Yk5hYnJaUnlQbmRV?oc=5","2025-06-14 09:55:58","2025-06-14 09:55:58"
"99","Reframing Maternal Care to Combat Low Birth Weight - orfonline.org","Admin",NULL,"Reframing Maternal Care to Combat Low Birth Weight&nbsp;&nbsp;orfonline.org","https://news.google.com/rss/articles/CBMikwFBVV95cUxOWGpZcjFWcVlpUG0tclpDU2JfTDVjTGhQUF9sTUdKWEVEXzFOMjk0T1hjQVlQLTZLOURKNUQ0c3luQk9vWEhRN2YybFc2VENHN0hKblBvTXFqRFczaVdFZ2g5WWN6Wkl5OUNsX1h1dEp1TVlVYjdndFdKZkRfLWdyeUw1VkJubkRPTm1TdzJBX1NlR0U?oc=5","2025-06-14 09:55:58","2025-06-14 09:55:58"
"100","Génération X : comment retrouver son bien-être après 45 ans - Holissence","Admin",NULL,"Génération X : comment retrouver son bien-être après 45 ans&nbsp;&nbsp;Holissence","https://news.google.com/rss/articles/CBMiaEFVX3lxTE9IS0YxajhJSDg2c2xuLU56SndfRGZkT1ljdGcwWUZJY1ZRR0NpZERWTmlXNXhfOWR4QWNGaEsteXViMG84MkE5VUNybVFjRl8xT09FWGRzOWd1cklMeWVZck5PbndoYWdX?oc=5","2025-06-14 09:55:58","2025-06-14 09:55:58"
"101","Understanding Paroxysmal Positional Vertigo: Causes and Treatment Options","Dr. Sarah Johnson",NULL,"Paroxysmal Positional Vertigo is a common inner ear disorder that causes brief episodes of dizziness when the head position changes. Learn about the symptoms, causes, and effective treatment methods including the Epley maneuver.","https://health.example.com/articles/vertigo-treatment-guide","2025-06-14 08:30:15","2025-06-14 08:30:15"
"102","AIDS Prevention and Modern Treatment Approaches","Dr. Michael Chen",NULL,"Acquired Immunodeficiency Syndrome (AIDS) remains a global health concern. This comprehensive guide covers prevention strategies, early detection methods, and current antiretroviral therapy options that help patients live longer, healthier lives.","https://health.example.com/articles/aids-prevention-treatment","2025-06-14 09:15:22","2025-06-14 09:15:22"
"103","Acne Management: From Teenagers to Adults","Dr. Emily Rodriguez",NULL,"Acne affects millions worldwide, from adolescents to adults. Discover effective skincare routines, medical treatments, and lifestyle changes that can help clear your skin and prevent future breakouts.","https://health.example.com/articles/acne-management-guide","2025-06-14 10:45:18","2025-06-14 10:45:18"
"104","Alcoholic Hepatitis: Recognition and Recovery","Dr. Robert Thompson",NULL,"Alcoholic hepatitis is a serious liver condition caused by excessive alcohol consumption. Learn about early warning signs, diagnostic procedures, and treatment options including lifestyle modifications and medical interventions.","https://health.example.com/articles/alcoholic-hepatitis-recovery","2025-06-14 11:20:33","2025-06-14 11:20:33"
"105","Managing Allergies: Identification and Treatment Strategies","Dr. Lisa Park",NULL,"Allergic reactions can range from mild to life-threatening. This article explores common allergens, testing methods, and various treatment approaches including antihistamines, immunotherapy, and emergency management.","https://health.example.com/articles/allergy-management-strategies","2025-06-14 12:05:41","2025-06-14 12:05:41"
"106","Arthritis: Living Well with Joint Pain","Dr. James Wilson",NULL,"Arthritis affects millions of people worldwide, causing joint pain and stiffness. Learn about different types of arthritis, pain management techniques, exercise recommendations, and treatment options to maintain quality of life.","https://health.example.com/articles/arthritis-living-well-guide","2025-06-14 13:30:27","2025-06-14 13:30:27"
"107","Bronchial Asthma: Control and Prevention","Dr. Amanda Lee",NULL,"Bronchial asthma is a chronic respiratory condition that can be effectively managed with proper treatment. Discover triggers, medication options, breathing techniques, and lifestyle modifications for better asthma control.","https://health.example.com/articles/bronchial-asthma-control","2025-06-14 14:15:54","2025-06-14 14:15:54"
"108","Cervical Spondylosis: Neck Pain Solutions","Dr. Kevin Martinez",NULL,"Cervical spondylosis is age-related wear and tear affecting the spinal disks in your neck. Learn about symptoms, causes, conservative treatments, and when surgical intervention may be necessary.","https://health.example.com/articles/cervical-spondylosis-treatment","2025-06-14 15:00:12","2025-06-14 15:00:12"
"109","Chicken Pox: What Parents Need to Know","Dr. Rachel Green",NULL,"Chicken pox is a highly contagious viral infection common in children. This guide covers symptoms, prevention through vaccination, home care remedies, and when to seek medical attention.","https://health.example.com/articles/chicken-pox-parents-guide","2025-06-14 16:25:38","2025-06-14 16:25:38"
"110","Chronic Cholestasis: Understanding Bile Flow Disorders","Dr. David Kim",NULL,"Chronic cholestasis occurs when bile flow from the liver is reduced or blocked. Learn about causes, symptoms, diagnostic tests, and treatment options to manage this liver condition effectively.","https://health.example.com/articles/chronic-cholestasis-management","2025-06-14 17:10:45","2025-06-14 17:10:45"
"111","Common Cold: Prevention and Home Remedies","Dr. Susan Taylor",NULL,"The common cold is one of the most frequent illnesses affecting people of all ages. Discover effective prevention strategies, home remedies, and when over-the-counter medications can provide relief.","https://health.example.com/articles/common-cold-prevention-remedies","2025-06-14 18:45:21","2025-06-14 18:45:21"
"112","Dengue Fever: Recognition and Prevention in Tropical Areas","Dr. Carlos Mendez",NULL,"Dengue fever is a mosquito-borne viral infection prevalent in tropical regions. Learn about symptoms, prevention methods, treatment approaches, and the importance of early medical intervention.","https://health.example.com/articles/dengue-fever-prevention-guide","2025-06-14 19:30:17","2025-06-14 19:30:17"
"113","Diabetes Management: Your Complete Guide","Dr. Patricia Wong",NULL,"Diabetes is a chronic condition that affects how your body processes blood sugar. This comprehensive guide covers types of diabetes, blood sugar monitoring, medication options, and lifestyle modifications for optimal management.","https://health.example.com/articles/diabetes-complete-management-guide","2025-06-14 20:15:33","2025-06-14 20:15:33"
"114","Hemorrhoids (Piles): Treatment and Prevention","Dr. Mark Anderson",NULL,"Hemorrhoids are swollen veins in the lower rectum and anus that can cause discomfort. Learn about causes, symptoms, treatment options ranging from home remedies to surgical procedures, and prevention strategies.","https://health.example.com/articles/hemorrhoids-treatment-prevention","2025-06-14 21:00:58","2025-06-14 21:00:58"
"115","Drug Reactions: Recognition and Emergency Response","Dr. Jennifer Liu",NULL,"Adverse drug reactions can range from mild side effects to life-threatening emergencies. This article covers common drug reactions, recognition of symptoms, and appropriate response measures including when to seek immediate medical help.","https://health.example.com/articles/drug-reactions-emergency-response","2025-06-14 21:45:42","2025-06-14 21:45:42"
"116","Fungal Infections: Diagnosis and Treatment","Dr. Thomas Brown",NULL,"Fungal infections can affect various parts of the body including skin, nails, and internal organs. Learn about different types of fungal infections, risk factors, diagnostic methods, and antifungal treatment options.","https://health.example.com/articles/fungal-infections-diagnosis-treatment","2025-06-13 08:20:14","2025-06-13 08:20:14"
"117","GERD: Managing Gastroesophageal Reflux Disease","Dr. Maria Garcia",NULL,"Gastroesophageal Reflux Disease (GERD) is a chronic digestive disorder that affects the lower esophageal sphincter. Discover dietary modifications, lifestyle changes, and medical treatments to manage acid reflux effectively.","https://health.example.com/articles/gerd-management-guide","2025-06-13 09:35:28","2025-06-13 09:35:28"
"118","Gastroenteritis: Recovery and Prevention","Dr. Andrew Davis",NULL,"Gastroenteritis, commonly known as stomach flu, causes inflammation of the stomach and intestines. Learn about causes, symptoms, treatment approaches, and prevention strategies to avoid this common condition.","https://health.example.com/articles/gastroenteritis-recovery-prevention","2025-06-13 10:50:51","2025-06-13 10:50:51"
"119","Heart Attack: Recognition and Emergency Action","Dr. Sandra Miller",NULL,"Heart attacks are medical emergencies requiring immediate attention. This critical guide covers warning signs, risk factors, emergency response procedures, and preventive measures to protect your cardiovascular health.","https://health.example.com/articles/heart-attack-emergency-guide","2025-06-13 11:25:37","2025-06-13 11:25:37"
"120","Hepatitis B: Prevention and Treatment","Dr. Richard Clark",NULL,"Hepatitis B is a viral infection that attacks the liver and can cause both acute and chronic disease. Learn about transmission, vaccination, symptoms, and current treatment options for this preventable condition.","https://health.example.com/articles/hepatitis-b-prevention-treatment","2025-06-13 12:40:23","2025-06-13 12:40:23"
"121","Hepatitis C: Modern Treatment Breakthroughs","Dr. Helen White",NULL,"Hepatitis C is a blood-borne virus that causes liver infection. Discover the latest treatment advances, including direct-acting antivirals, screening recommendations, and cure rates with modern therapy.","https://health.example.com/articles/hepatitis-c-treatment-breakthroughs","2025-06-13 13:55:16","2025-06-13 13:55:16"
"122","Hepatitis D: Understanding Co-infection","Dr. Paul Lewis",NULL,"Hepatitis D only occurs in people who are already infected with hepatitis B virus. Learn about this unique co-infection, its symptoms, progression, and available treatment options.","https://health.example.com/articles/hepatitis-d-coinfection-guide","2025-06-13 14:30:44","2025-06-13 14:30:44"
"123","Hepatitis E: Travel-Related Liver Infection","Dr. Nancy Turner",NULL,"Hepatitis E is typically transmitted through contaminated water and is more common in developing countries. Learn about symptoms, transmission routes, prevention strategies for travelers, and treatment approaches.","https://health.example.com/articles/hepatitis-e-travel-prevention","2025-06-13 15:15:32","2025-06-13 15:15:32"
"124","Hypertension: The Silent Killer","Dr. Christopher Moore",NULL,"High blood pressure often has no symptoms but can lead to serious health complications. This comprehensive guide covers blood pressure categories, lifestyle modifications, medication options, and monitoring techniques.","https://health.example.com/articles/hypertension-silent-killer-guide","2025-06-13 16:00:55","2025-06-13 16:00:55"
"125","Hyperthyroidism: Managing Overactive Thyroid","Dr. Michelle Adams",NULL,"Hyperthyroidism occurs when the thyroid gland produces too much thyroid hormone. Learn about symptoms, causes, diagnostic tests, and treatment options including medication, radioactive iodine, and surgery.","https://health.example.com/articles/hyperthyroidism-management","2025-06-13 16:45:18","2025-06-13 16:45:18"
"126","Hypoglycemia: Understanding Low Blood Sugar","Dr. Steven Jackson",NULL,"Hypoglycemia occurs when blood glucose levels drop below normal. Learn about symptoms, causes, immediate treatment with the 15-15 rule, and prevention strategies for people with and without diabetes.","https://health.example.com/articles/hypoglycemia-blood-sugar-guide","2025-06-13 17:30:41","2025-06-13 17:30:41"
"127","Hypothyroidism: Living with Underactive Thyroid","Dr. Karen Thompson",NULL,"Hypothyroidism is a condition where the thyroid gland doesn't produce enough thyroid hormone. Discover symptoms, causes, thyroid hormone replacement therapy, and lifestyle adjustments for optimal management.","https://health.example.com/articles/hypothyroidism-living-guide","2025-06-13 18:15:27","2025-06-13 18:15:27"
"128","Impetigo: Treating Bacterial Skin Infections","Dr. Daniel Rodriguez",NULL,"Impetigo is a common bacterial skin infection that primarily affects children. Learn about symptoms, causes, treatment with topical and oral antibiotics, and prevention strategies to avoid spreading.","https://health.example.com/articles/impetigo-bacterial-skin-infection","2025-06-13 19:00:53","2025-06-13 19:00:53"
"129","Jaundice: Understanding Yellow Skin and Eyes","Dr. Angela Martinez",NULL,"Jaundice is a yellowing of the skin and eyes caused by elevated bilirubin levels. Learn about causes, types of jaundice, diagnostic procedures, and treatment approaches based on underlying conditions.","https://health.example.com/articles/jaundice-understanding-guide","2025-06-13 19:45:36","2025-06-13 19:45:36"
"130","Malaria: Prevention and Treatment in Endemic Areas","Dr. Roberto Silva",NULL,"Malaria is a life-threatening disease transmitted by infected mosquitoes. This guide covers symptoms, prevention methods for travelers, antimalarial medications, and treatment protocols for different types of malaria.","https://health.example.com/articles/malaria-prevention-treatment","2025-06-13 20:30:12","2025-06-13 20:30:12"
"131","Migraine: Understanding and Managing Severe Headaches","Dr. Laura Wilson",NULL,"Migraines are recurring headaches that can cause severe pain and other symptoms. Learn about triggers, preventive measures, acute treatment options, and lifestyle modifications to reduce migraine frequency and severity.","https://health.example.com/articles/migraine-management-guide","2025-06-13 21:15:48","2025-06-13 21:15:48"
"132","Osteoarthritis: Joint Health and Mobility","Dr. Gregory Kim",NULL,"Osteoarthritis is the most common form of arthritis, affecting joint cartilage and underlying bone. Discover symptoms, risk factors, non-pharmacological treatments, medications, and surgical options for joint preservation.","https://health.example.com/articles/osteoarthritis-joint-health","2025-06-12 08:00:25","2025-06-12 08:00:25"
"133","Stroke (Brain Hemorrhage): Emergency Recognition and Recovery","Dr. Christina Lee",NULL,"Stroke is a medical emergency that occurs when blood flow to the brain is interrupted. Learn the F.A.S.T. recognition method, emergency response, treatment options, and rehabilitation strategies for recovery.","https://health.example.com/articles/stroke-emergency-recovery","2025-06-12 09:20:17","2025-06-12 09:20:17"
"134","Peptic Ulcer Disease: Healing Stomach and Duodenal Ulcers","Dr. Jason Brown",NULL,"Peptic ulcers are open sores that develop on the inner lining of the stomach and duodenum. Learn about causes including H. pylori infection, symptoms, treatment with antibiotics and acid suppressants, and dietary considerations.","https://health.example.com/articles/peptic-ulcer-disease-healing","2025-06-12 10:35:44","2025-06-12 10:35:44"
"135","Pneumonia: Lung Infection Treatment and Prevention","Dr. Stephanie Davis",NULL,"Pneumonia is an infection that inflames air sacs in one or both lungs. This comprehensive guide covers types of pneumonia, symptoms, diagnostic tests, antibiotic treatment, and vaccination strategies for prevention.","https://health.example.com/articles/pneumonia-treatment-prevention","2025-06-12 11:50:32","2025-06-12 11:50:32"
"136","Psoriasis: Managing Chronic Skin Condition","Dr. Matthew Garcia",NULL,"Psoriasis is a chronic autoimmune condition that causes rapid skin cell buildup. Learn about different types, triggers, topical treatments, systemic therapies, and lifestyle modifications to manage symptoms effectively.","https://health.example.com/articles/psoriasis-chronic-management","2025-06-12 12:25:58","2025-06-12 12:25:58"
"137","Tuberculosis: Diagnosis and Treatment of TB","Dr. Victoria Miller",NULL,"Tuberculosis is a bacterial infection that primarily affects the lungs. Learn about symptoms, transmission, diagnostic tests including chest X-rays and sputum tests, and the importance of completing antibiotic treatment courses.","https://health.example.com/articles/tuberculosis-diagnosis-treatment","2025-06-12 13:40:21","2025-06-12 13:40:21"
"138","Typhoid Fever: Prevention and Treatment","Dr. Jonathan Clark",NULL,"Typhoid fever is a bacterial infection spread through contaminated food and water. Discover symptoms, prevention strategies for travelers, vaccination options, and antibiotic treatment for this potentially serious condition.","https://health.example.com/articles/typhoid-fever-prevention","2025-06-12 14:55:15","2025-06-12 14:55:15"
"139","Urinary Tract Infections: Diagnosis and Treatment","Dr. Rebecca White",NULL,"Urinary tract infections (UTIs) are common bacterial infections affecting the urinary system. Learn about symptoms, risk factors, diagnostic procedures, antibiotic treatments, and prevention strategies to reduce recurrence.","https://health.example.com/articles/uti-diagnosis-treatment","2025-06-12 15:30:47","2025-06-12 15:30:47"
"140","Varicose Veins: Treatment and Prevention Options","Dr. Timothy Lewis",NULL,"Varicose veins are enlarged, twisted veins that commonly appear in the legs. Learn about causes, symptoms, conservative treatments, minimally invasive procedures, and lifestyle modifications to improve vein health.","https://health.example.com/articles/varicose-veins-treatment-options","2025-06-12 16:15:33","2025-06-12 16:15:33"
"141","Hepatitis A: Prevention Through Vaccination","Dr. Nicole Turner",NULL,"Hepatitis A is a viral liver infection spread through contaminated food and water. This guide covers symptoms, transmission routes, vaccination recommendations for travelers, and treatment approaches for acute infection.","https://health.example.com/articles/hepatitis-a-vaccination-prevention","2025-06-12 17:00:29","2025-06-12 17:00:29"